,ind,frac,accuracy,precision,recall,f1
0,12.0,0.18821319196026454,0.8969066858819291,0.7604938271604939,0.6675697642915199,0.7110085124801615
1,17.0,0.4566332964459428,0.8959802357300942,0.8850690933602966,0.8875619648490308,0.8863137762277099
2,25.0,0.10270478935584322,0.9372587369396264,0.8902564102564102,0.4383838383838384,0.5874788494077834
3,26.0,0.1206680906915099,0.9347882032014,0.8427635497319833,0.5851943755169562,0.6907493287771539
4,55.0,0.1169930771804308,0.9103916825364148,0.6978527607361963,0.4031900753212229,0.5110923897781522
5,66.0,0.11438865584064647,0.9180091615626126,0.72965322009908,0.4598572702943801,0.5641586867305062
6,70.0,0.2610134596083074,0.8630912553399558,0.8080473372781065,0.6486794603838115,0.71964586846543
7,75.0,0.18354993952183649,0.8728704513871017,0.7160592711253504,0.5038038884192729,0.5914654316903738
8,76.0,0.3719432792032324,0.8764733130886818,0.8650699196667658,0.7957033388067871,0.8289379900213828
9,77.0,0.13478137787271274,0.8929435380101909,0.6902536715620827,0.3901886792452829,0.4985535197685631
10,84.0,0.6171655042849422,0.8118276802717587,0.8395774880343291,0.855965000841326,0.8476920513247792
11,85.0,0.12213500784929356,0.9040609398322096,0.7234226447709594,0.3515329693406132,0.4731486715658565
12,86.0,0.5621072136294619,0.8163055226722941,0.8355006501950585,0.8334105438710275,0.8344542882322927
13,87.0,0.13231592763208688,0.911935766122806,0.7577413479052824,0.4875,0.5932968861421439
14,95.0,0.6109581285225313,0.9555818621648052,0.96144820650352,0.9660631578947368,0.9637501575166968
15,105.0,0.1094062845819286,0.9226928817746668,0.7123809523809523,0.5168125287885766,0.5990389749065669
16,106.0,0.22552435854543584,0.8708116732719131,0.7735849056603774,0.6063708759954494,0.6798469387755102
17,107.0,0.13689682682656926,0.8915023933295589,0.6753826530612245,0.3984198645598194,0.5011831519167061
18,108.0,0.24542810819157426,0.8607751299603685,0.7617840851495185,0.630056591909453,0.6896868188596995
19,119.0,0.15210644156779987,0.9204796953008392,0.8137992038920832,0.6207827260458839,0.7043062200956938
20,127.0,0.1384769796947783,0.9114725410468888,0.7975340687865022,0.466059916571862,0.5883197702249879
21,128.0,0.3770285920168824,0.8137320500283082,0.7908114935269972,0.6858825140353281,0.7346190511109482
22,131.0,0.14636230280258386,0.9244943126254568,0.8915461624026696,0.5575652173913044,0.6860689064840574
23,138.0,0.228803047070026,0.8689073035153636,0.7760663507109005,0.5939696214010428,0.6729163991267497
24,148.0,0.6161772653575932,0.8313346029131711,0.8761483792685041,0.8454461821527139,0.860523515641626
25,158.0,0.5075790719818822,0.9093108240259408,0.9082033215903372,0.9139066139977716,0.9110460420032308
26,161.0,0.5905087886352524,0.9512069586700294,0.9539372104992281,0.9643600416233092,0.9591203104786544
27,165.0,0.12251074452479604,0.9295897884605486,0.7754642656162071,0.5871325095867065,0.6682832201745879
28,173.0,0.106436420722135,0.9216120232641928,0.7156943303204601,0.42529296875,0.5335375191424196
29,197.0,0.1922485009136063,0.8998919141489526,0.8483187134502924,0.6027005972474682,0.7047214209807197
30,202.0,0.24219574336670355,0.8765247825415616,0.8145713503149822,0.633304940374787,0.7125913501856955
31,205.0,0.2378619039040585,0.8883112872510165,0.8181818181818182,0.6863587540279271,0.7464953271028036
32,208.0,0.16314692333427694,0.8987081167327191,0.8063508589276418,0.4925278219395866,0.6115278326095539
33,213.0,0.6355508659958309,0.9503834474239542,0.9636260069981284,0.9581681365806296,0.9608893216488152
34,222.0,0.4782716112926886,0.9105975603479336,0.902012993929066,0.9120180917510228,0.9069879518072288
35,223.0,0.13004091926808553,0.9394719234134541,0.8870786516853932,0.6182458888018794,0.7286571296723581
36,224.0,0.18023522145302004,0.9436409490967111,0.9114227086183312,0.7612110825478434,0.8295719844357976
37,234.0,0.14274390714671745,0.9218693705285912,0.8333333333333334,0.5689160086145011,0.6761945392491469
38,238.0,0.6551869675991456,0.8239744711513717,0.8421206795547744,0.9009714822939516,0.8705526116578349
39,253.0,0.6261883315747484,0.9549127592773688,0.9593875378694834,0.9685872530379432,0.9639654463183877
40,271.0,0.520271765705021,0.902002161717021,0.8895064686152372,0.9251470148509916,0.9069767441860463
41,300.0,0.6445067812749311,0.8092027381748932,0.8577785102175346,0.8401258978290694,0.848860439515636
42,301.0,0.1535579174923437,0.8917597405939575,0.6805324459234608,0.5506563446650959,0.6087441860465116
43,304.0,0.1287490027536866,0.9365381645993104,0.8796407185628743,0.5873650539784087,0.7043874370654519
44,311.0,0.5109195254394318,0.9084873127798652,0.8988391376451078,0.9255650426921144,0.9120063347520538
45,312.0,0.183714646009728,0.9066344124761954,0.8363493312352478,0.6032917139614075,0.7009561490273656
46,326.0,0.3518233522917364,0.8596942714498945,0.8728813559322034,0.7054794520547946,0.7803030303030304
47,334.0,0.15338291684895902,0.920839981470997,0.8335638543107423,0.6056951423785595,0.7015909972836633
48,335.0,0.14175052114162184,0.9075608626280304,0.7934426229508197,0.4496469713861018,0.5740037950664136
49,349.0,0.19826543479939265,0.8981419527510422,0.8015564202334631,0.6439176868976296,0.7141412682363137
50,351.0,0.17269989963198393,0.8720984095939059,0.6731950844854071,0.5175671685857691,0.5852111500584211
51,358.0,0.10462464935532853,0.9296927273663079,0.8178603006189213,0.4436450839328537,0.5752487562189055
52,391.0,0.4843451630336876,0.8483709918163571,0.8602333220070223,0.8160524336520898,0.8375606528451698
53,392.0,0.2959775587410248,0.9125533995573628,0.8869162485526824,0.8050446663163426,0.8439996327242678
54,396.0,0.14993437475873073,0.9484276082145248,0.9138692579505301,0.7194019471488178,0.8050583657587549
55,409.0,0.1881308387163188,0.8926347212929127,0.80329754601227,0.5711559432933478,0.6676226896112174
56,414.0,0.2864863473762771,0.9017448144526224,0.8874653000213538,0.7504514265077645,0.8132276685255846
57,418.0,0.19237717785727154,0.9043697565494878,0.8353196099674973,0.6226110363391656,0.7134484885872918
58,434.0,0.2298376096970945,0.9235163930207422,0.8919135308246597,0.7555957494912955,0.8181150550795594
59,448.0,0.1119283526777672,0.9053991456070822,0.6492307692307693,0.37915543575920935,0.4787294384571753
60,454.0,0.19861543608616208,0.8860466313243092,0.7922028766086299,0.5569451836083023,0.6540625
61,456.0,0.1275909102606995,0.8942302743321838,0.6671911880409127,0.3419354838709677,0.4521460943748333
62,474.0,0.18053889904006998,0.8566061042771115,0.6297397769516728,0.4862227324913892,0.5487528344671201
63,485.0,0.1288725326196052,0.9200679396778012,0.8455349959774738,0.4357379767827529,0.5751025991792066
64,491.0,0.20512648943562287,0.8788409079211488,0.7637292464878672,0.5971043434847728,0.6702157467077613
65,492.0,0.2291890779010217,0.8743630655206135,0.7987697715289982,0.6085695157330953,0.6908169727675743
66,496.0,0.11313276887047374,0.9566112512223997,0.86692869174621,0.7181395348837208,0.7855507504451793
67,497.0,0.19644336927709294,0.8996860363374337,0.8293381037567084,0.6116094986807388,0.7040242976461656
68,498.0,0.4640245000900738,0.9177003448453342,0.9057386236269894,0.9142436927254214,0.9099712854005968
69,499.0,0.13782844789870552,0.9314426887642184,0.8396907216494846,0.6147169811320755,0.7098039215686275
70,504.0,0.1394240420001544,0.9031344896803748,0.6819956616052061,0.5777287761852261,0.6255471547950656
71,510.0,0.12277839256761973,0.9040609398322096,0.7184542586750788,0.37675765095119934,0.4943027672273467
72,511.0,0.2261420078750289,0.8643265222090689,0.7697063369397218,0.5683633873544853,0.6538865546218487
73,512.0,0.1443086187816867,0.9426630294919964,0.8402654867256637,0.7160633484162896,0.7732084690553747
74,530.0,0.112484237074401,0.91301662463328,0.6655473472128945,0.4539624370132845,0.5397603485838781
75,534.0,0.25989654373729315,0.9005095475835092,0.8569078947368421,0.7336552001609334,0.7905061233336946
76,542.0,0.7649895771675631,0.8662308919656184,0.9114673406944258,0.9153029189766884,0.9133811031494752
77,543.0,0.33845639138379185,0.8662823614184981,0.8124409448818898,0.7857142857142857,0.7988541344069371
78,547.0,0.12469825256710505,0.93118534149982,0.8742593811718236,0.5367825383993533,0.6651640370648635
79,549.0,0.29437167048408264,0.8520767924236965,0.8059181897302001,0.6514245515300738,0.7204823964209298
80,558.0,0.10789304372442546,0.9370528591281074,0.8304832713754647,0.5288825757575758,0.6462250506219266
81,574.0,0.6539001981624932,0.9414792320757628,0.9521793665725932,0.9584155290775664,0.9552872704392622
82,581.0,0.15688807679439998,0.9198105924134028,0.7961553864637565,0.6545933486993744,0.7184676544994579
83,585.0,0.11980338163007953,0.9072005764578722,0.6754448398576512,0.4133275261324042,0.5128343690894354
84,588.0,0.2248397972051368,0.8530032425755314,0.7767595307917888,0.4853412734768667,0.5974062588102622
85,596.0,0.11812543428468487,0.9065829430233155,0.6907730673316709,0.3654353562005277,0.4779982743744608
86,597.0,0.10512906297449624,0.9315970971228577,0.8181818181818182,0.4493392070484581,0.5800947867298578
87,599.0,0.1552049823712587,0.9175459364866952,0.8176967541129391,0.6067304519960409,0.6965909090909091
88,601.0,0.194163213835345,0.8796129497143446,0.8296860133206471,0.4681879194630872,0.5985927578513814
89,613.0,0.24004941194636745,0.891656801688198,0.7956358517128109,0.7331891891891892,0.7631371666479126
90,618.0,0.12560928532825488,0.9005610170363889,0.6754020250148898,0.449821499404998,0.5399999999999999
91,620.0,0.13868286280464268,0.9265016212877656,0.7886479003230272,0.6379245987308697,0.7053239785390012
92,621.0,0.3256556090279744,0.8794070719028256,0.8516687268232386,0.7624091052797977,0.8045708566185671
93,625.0,0.44950974084463546,0.8265994132482372,0.8611337130458367,0.7303047728579644,0.790341651627357
94,643.0,0.21672285559873386,0.8602089659786917,0.7553516819571865,0.5269021095046219,0.6207763194638368
95,644.0,0.4482075301747433,0.8527973647640126,0.8485386344811265,0.8194492058050509,0.8337402627601442
96,646.0,0.3030393494093728,0.8900612486489269,0.8842583041056323,0.7312745265313086,0.8005229734777736
97,648.0,0.1692153279975294,0.8985537083740799,0.7808519982433025,0.5470769230769231,0.6433870092274291
98,699.0,0.10479964999871323,0.9075093931751506,0.6683107274969173,0.2618357487922705,0.37625824366539395
99,701.0,0.12746223331703424,0.9515672448401874,0.8822637695805963,0.7114914425427873,0.7877284006316265
100,703.0,0.1324446045757521,0.8919656184054764,0.6675767918088737,0.3776061776061776,0.482367447595561
101,706.0,0.2366677818668451,0.8753409851253281,0.8767077640786405,0.5618193465727098,0.6847995835502342
102,711.0,0.10129449005327223,0.9156415667301456,0.6205287713841369,0.40944073884043103,0.49335394126738796
103,722.0,0.11985485240754562,0.9273251325338412,0.7514889009204114,0.5929090132422042,0.6628462273161413
104,727.0,0.3174769024886121,0.8857892840599104,0.8888236445488353,0.7333656330749354,0.8036456950712325
105,736.0,0.2471626733921816,0.8854289978897524,0.8158085569253082,0.6974581525108493,0.7520053475935828
106,739.0,0.19771984455825206,0.9105975603479336,0.8772169167803547,0.6513041276272474,0.7475657607905829
107,743.0,0.2571480042206037,0.9354573060888364,0.9186097668279808,0.825296442687747,0.8694565896314803
108,744.0,0.16714620274339245,0.9165165474291008,0.82421875,0.6429006703229738,0.7223553577541938
109,745.0,0.2340376251383277,0.8900097791960472,0.839174137462646,0.6665947345705654,0.7429945880938064
110,752.0,0.47610469156136603,0.8722528179525452,0.8716804527644754,0.8600730240549829,0.8658378378378379
111,760.0,0.18123375453586227,0.9150239332955892,0.8167991704113378,0.6782433983926521,0.7411008311118081
112,764.0,0.16383663175232266,0.9110607854238508,0.7696540880503144,0.6316129032258064,0.693834160170092
113,765.0,0.1320585737447564,0.9451850326831026,0.8873165618448637,0.6657491152182462,0.7607279263086947
114,769.0,0.19562498391538205,0.8978331360337639,0.762668193529917,0.6973821989528796,0.7285655681662792
115,770.0,0.16660061250225186,0.8950537855782593,0.7849037987173162,0.4981214777708203,0.6094617889293239
116,773.0,0.1140232133206372,0.920634103659478,0.7172185430463576,0.4927206551410373,0.5841423948220065
117,779.0,0.14434464832591296,0.8892377374028514,0.6598768356229275,0.4927484966395472,0.5641960307816929
118,786.0,0.1976426383920529,0.8917082711410778,0.7895634379263301,0.608890057864282,0.6875556875556875
119,799.0,0.3652984018323597,0.8694734674970405,0.8867449664429531,0.7395745871816399,0.8065008393102396
120,830.0,0.3617005944874797,0.8964434608060117,0.8967254408060453,0.8077141236528644,0.8498955535660997
121,831.0,0.5027614072110559,0.8177466673529258,0.8498863636363636,0.7711104237550263,0.8085842477971782
122,838.0,0.18979849190622025,0.8955684801070565,0.7568482610033856,0.6649540292049757,0.707931481214913
123,846.0,0.10935996088220913,0.9162077307118224,0.7129060579455663,0.38428774254614295,0.4993849938499385
124,850.0,0.1516843811925779,0.897266972052087,0.7305145185939887,0.4943123061013444,0.5896381578947368
125,863.0,0.12956224103765088,0.903597714756292,0.7582733812949641,0.4067927441142416,0.5295151971866365
126,880.0,0.17049695035643514,0.9160018529003036,0.8791609667122663,0.5851289833080425,0.7026239067055394
127,885.0,0.11789381578608744,0.9178547532039736,0.7728965003723008,0.4456848432803778,0.565359477124183
128,892.0,0.34679980441104563,0.8712234288949509,0.8585976627712855,0.7565460429538099,0.8043478260869564
129,898.0,0.1375968294001081,0.9131710329919192,0.8197787898503578,0.4719101123595506,0.5990016638935108
130,912.0,0.25730756363074864,0.8730248597457411,0.8115449915110357,0.664416203335981,0.7306474505950431
131,929.0,0.6844995753660859,0.8309743167430129,0.8772457340449523,0.876060355829142,0.8766526442307693
132,930.0,0.10216434619244924,0.924082557002419,0.7022727272727273,0.461423593827775,0.5569240012015619
133,931.0,0.20341251254600198,0.8593339852797365,0.7358633776091081,0.4876760563380282,0.5865980940856148
134,932.0,0.15787116864400236,0.8858922229656698,0.707405489383739,0.4526176275679258,0.5520307132754092
135,943.0,0.2354685127518852,0.8776571105049153,0.8029779314012231,0.6486254295532646,0.7175953427587027
136,948.0,0.10429008930179892,0.9211487981882752,0.7513116474291709,0.3560417702635505,0.4831309041835358
137,953.0,0.4228272898062125,0.8561428792011941,0.8240065835880555,0.8437462381124353,0.8337595907928389
138,957.0,0.20694340788017604,0.8808482165834577,0.7615408132069703,0.6187282662692499,0.6827463341099083
139,958.0,0.16655428880253234,0.8846054866436771,0.7152412804586717,0.4762965319758193,0.5718105423987777
140,960.0,0.1012121368093265,0.9132225024447992,0.6364503816793893,0.3382352941176471,0.4417218543046358
141,965.0,0.11075481895154027,0.9081270266097072,0.7020506634499397,0.27452830188679245,0.3947100712105799
142,969.0,0.13977919036467046,0.895825827371455,0.6811594202898551,0.4831130690161527,0.5652920962199314
143,980.0,0.1086393699976838,0.9181635699212516,0.6873706004140787,0.4669479606188467,0.5561139028475711
144,983.0,0.162066037007489,0.8892377374028514,0.696024941543258,0.5655478150728309,0.6240391334730957
145,988.0,0.12282471626733922,0.9068402902877144,0.7637168141592919,0.3586866167913549,0.4881221719457013
146,992.0,0.12235118511465115,0.9153842194657472,0.772351615326822,0.4339383706205151,0.5556756756756757
147,993.0,0.15361453534755642,0.8937670492562664,0.6589427950760318,0.6186267845003399,0.6381486676016831
148,1004.0,0.20072059088452526,0.8982448916568017,0.7820551682327979,0.6722251172485669,0.7229928541403952
149,1007.0,0.2320457060503899,0.9344793864841217,0.9205890086773599,0.782871198568873,0.8461631419939577
150,1014.0,0.2190235993514682,0.8490400947037933,0.6907855877141169,0.5536094674556213,0.6146367100249639
151,1015.0,0.3482203978691098,0.8942302743321838,0.8961538461538462,0.7889003385838363,0.8391137555781727
152,1017.0,0.13064312736443884,0.9394204539605744,0.8654970760233918,0.6379310344827587,0.7344913151364765
153,1035.0,0.8978099184188177,0.9564053734108806,0.9736963014013325,0.9775702012339272,0.9756294058408864
154,1036.0,0.4203927220320663,0.8899068402902877,0.8721804511278195,0.8689138576779026,0.8705440900562851
155,1038.0,0.5225313328357825,0.9286633383087136,0.9505227202152986,0.9100188286592013,0.9298298906439854
156,1039.0,0.265748771135188,0.8780688661279531,0.7851186658114175,0.7291501191421763,0.7561000720683619
157,1042.0,0.8628921429858198,0.9119872355756858,0.9237250056167152,0.9790451244195738,0.9505808912779607
158,1043.0,0.6684612811076511,0.8302022749498172,0.8750864785917442,0.8718027262980549,0.8734415160931446
159,1044.0,0.27832308207015466,0.8941273354264244,0.8577494692144374,0.7444260180578589,0.7970800039459408
160,1047.0,0.1253982551406439,0.9565597817695198,0.8860877684407096,0.7598078462770216,0.818103448275862
161,1057.0,0.1320997503667293,0.9328838334448504,0.7903381642512077,0.6528332003192339,0.715034965034965
162,1061.0,0.13482770157243226,0.9586185598847085,0.8703777335984095,0.8207724034495688,0.8448475492087998
163,1167.0,0.2428854517847492,0.8244891656801688,0.67779632721202,0.5196245733788396,0.5882637044192224
164,1169.0,0.1143371850631804,0.9040609398322096,0.7289940828402367,0.27365615282096845,0.3979328165374677
165,1170.0,0.1620094191522763,0.8757527407483658,0.6843800322061192,0.4111576910673976,0.5136986301369864
166,1202.0,0.7138893892992254,0.9287662772144732,0.943360203648706,0.9581298477449008,0.9506876647901376
167,1203.0,0.6303111408497826,0.9241340264552989,0.9447582654926068,0.9335905434247248,0.9391412056151941
168,1204.0,0.15461821550814525,0.8996860363374337,0.775796866558617,0.4835016835016835,0.5957270275876375
169,1205.0,0.18105360681473093,0.8808996860363374,0.7077577045696068,0.5729853742472039,0.6332805071315373
170,1209.0,0.3503049643564866,0.8873333676463019,0.8649878147847279,0.7967674348997306,0.829477292202228
171,1210.0,0.2452788429369225,0.9151783416542282,0.8461887477313974,0.7936170212765957,0.8190601668862537
172,1216.0,0.1265048768561649,0.9232590457563437,0.7242907801418441,0.6528166200559329,0.6866988863206557
173,1279.0,0.6566590318346759,0.9543980647485716,0.9598574085554866,0.9711463070409284,0.9654688596149348
174,1280.0,0.20924929871065706,0.8825981779813681,0.7536860364267131,0.6459365708622399,0.695663775850567
175,1281.0,0.31146511568057234,0.9001492614133512,0.8650296064089168,0.8100130463144162,0.8366178204480377
176,1283.0,0.10210258125948993,0.9307221164239023,0.7329192546583851,0.5254824344383968,0.6121037463976946
177,1309.0,0.520390148493193,0.93113387204694,0.9395250553431274,0.9268413738336312,0.9331401159304418
178,1310.0,0.8271508351133644,0.8921714962169952,0.9200814761562424,0.952788634530678,0.936149462070647
179,1311.0,0.12279383380085955,0.9549642287302486,0.9031719532554258,0.6983648881239243,0.7876728949284154
180,1317.0,0.12788944077000286,0.9414277626228832,0.826131164209456,0.6712102437009501,0.7406563354603465
181,1318.0,0.13038062639936174,0.9582582737145504,0.8945107398568021,0.7605519480519479,0.8221101118666374
182,1323.0,0.24477442931775484,0.8494518503268309,0.7508004268943437,0.5856399583766909,0.6580147316730971
183,1332.0,0.1483181923462954,0.8768850687117196,0.6287769784172662,0.4475930351655855,0.5229357798165137
184,1357.0,0.7119695292997401,0.8642235833033095,0.900577293136626,0.9104402334462136,0.9054819061268364
185,1359.0,0.2187919808528708,0.8535179371043286,0.73216,0.5324645101233418,0.6165454055510644
186,1363.0,0.14688215765499138,0.9053991456070822,0.7783278327832783,0.4964912280701754,0.6062553556126821
187,1364.0,0.3624520678384847,0.8676720366462505,0.8172696438665913,0.8190058065429826,0.8181368041310036
188,1365.0,0.4581825668476722,0.8125997220649545,0.8028992284311434,0.7784200385356455,0.7904701617080049
189,1366.0,0.12657178886687084,0.9558392094292038,0.8677998111425873,0.7607615894039735,0.8107631230701368
190,1369.0,0.31238644259721543,0.8624221524525194,0.7986529599432826,0.7456561310607315,0.7712451861360718
191,1370.0,0.4570553568211648,0.8424520047351897,0.8671373555840821,0.7692745700945223,0.8152797055096253
192,1375.0,0.5147643925161489,0.92753101034536,0.938916556560626,0.9196615231458436,0.9291892979279822
193,1376.0,0.8145507887896647,0.8872304287405425,0.9117292870905588,0.9543076826117098,0.9325327174749808
194,1377.0,0.11041511182026403,0.9415307015286428,0.8349650349650349,0.5702005730659025,0.677639046538025
195,1379.0,0.6490722392361736,0.9569200679396778,0.9719381688466112,0.9620998116760828,0.9669939666390628
196,1380.0,0.5047018555215277,0.9241340264552989,0.9134644176065476,0.9378010042012499,0.9254727474972192
197,1381.0,0.11087320173971227,0.9139945442379948,0.6815431164901664,0.4188749418874942,0.518859775410308
198,1382.0,0.1660756105720977,0.8982448916568017,0.7603305785123967,0.5507246376811594,0.6387721542115842
199,1389.0,0.34169390328640914,0.8646353389263473,0.7985546522131888,0.8041237113402062,0.8013295059676688
200,1390.0,0.5498159919705587,0.8165114004838129,0.8334268087492991,0.8333489111131881,0.8333878581109502
201,1394.0,0.6307640836914842,0.9518245921045859,0.9569927243330638,0.9669988563960136,0.9619697708434908
202,1395.0,0.6207375762410892,0.9513613670286684,0.957806599901494,0.9643772212579552,0.9610806803673654
203,1398.0,0.7732043132511517,0.8733851459158989,0.9060196960803496,0.931661189725706,0.9186615527046688
204,1399.0,0.11463571557248373,0.9127592773688816,0.6811594202898551,0.4445945945945946,0.5380212591986917
205,1400.0,0.2859304629796433,0.8944876215965825,0.8229032850064232,0.8051714850062848,0.8139408241060082
206,1401.0,0.2103147438042052,0.8970096247876885,0.7676555526384878,0.7237623762376237,0.7450630653586444
207,1404.0,0.4153691741513755,0.8594883936383756,0.8859031470038798,0.7610171583755092,0.8187250996015936
208,1405.0,0.2706384949944669,0.8744145349734932,0.8048307095104593,0.7085627491930891,0.7536348949919225
209,1406.0,0.2319633528064441,0.9048844510782852,0.8038803179055634,0.7731564748201439,0.7882191152876461
210,1408.0,0.642849422240523,0.9524422255391424,0.9606628589815784,0.964854164983437,0.9627539503386005
211,1411.0,0.15584322001183828,0.903237428586134,0.7243639167309175,0.6172798948751642,0.6665484214260375
212,1414.0,0.42674421597138223,0.8920685573112358,0.8943396226415095,0.8497669415561133,0.8714837286265859
213,1415.0,0.17583961705741566,0.908693190591384,0.7967799642218247,0.6487037576463734,0.7151573538856777
214,1416.0,0.1651439894999614,0.8691646507797622,0.6308724832214765,0.4509114166933163,0.5259231629988811
215,1417.0,0.24130015183879355,0.8526429564053735,0.7091945830363506,0.645544982698962,0.6758745613042001
216,1420.0,0.15736160794708806,0.8937155798033867,0.6959087332808812,0.5779157138190134,0.6314474388720328
217,1427.0,0.14369611652984018,0.9062226568531576,0.6952342811373649,0.6206649982123704,0.6558367963732528
218,1429.0,0.513616594178655,0.8121879664419167,0.8763492444231229,0.7362216624685138,0.8001971198598259
219,1430.0,0.13994904393030858,0.8876421843635802,0.6277929155313352,0.4343891402714932,0.5134833964787162
220,1440.0,0.7614792701443756,0.9284574604971948,0.9489993976306806,0.9575876274734922,0.95327416969208
221,1442.0,0.22460303162879275,0.8794070719028256,0.7559055118110236,0.6828820559889858,0.7175406871609403
222,1444.0,0.6426126566641789,0.8212465901487467,0.8559100625445333,0.8673780487804879,0.8616058975891612
223,1454.0,0.5513755565277814,0.8963919913531321,0.915372964786066,0.8962832514598202,0.9057275324310401
224,1455.0,0.13209460328898268,0.8957228884656956,0.63867288750648,0.4810620851229988,0.5487750556792873
225,1456.0,0.12365339578454332,0.8990169334499974,0.7278835386338186,0.2743773744195863,0.3985285101164929
226,1458.0,0.7068275986308773,0.9154356889186268,0.9362191702020564,0.945121951219512,0.9406494960806272
227,1461.0,0.25819286100316546,0.8906788820834834,0.8081967213114755,0.7685113016367888,0.7878545745105874
228,1463.0,0.1997735285791492,0.8653559112666632,0.7210370856580243,0.5543779964673228,0.6268188302425106
229,1464.0,0.3817433152327766,0.8679808533635287,0.8755032517807371,0.7625084288604179,0.8151084841058169
230,1465.0,0.7508968782973466,0.9372072674867468,0.9583476527596398,0.9578209795974444,0.9580842437985294
231,1466.0,0.2095581233754536,0.8761130269185239,0.7125922023182297,0.672718229296195,0.6920813611359857
232,1467.0,0.6220397869109813,0.8111071079314427,0.8325219849246231,0.8733937397034597,0.8524682424827142
233,1470.0,0.7336644620016985,0.9182665088270112,0.9478818084727662,0.9395864210600609,0.9437158857304884
234,1473.0,0.29657461975963145,0.9028256729630963,0.8557548579970105,0.8040730337078652,0.8291093410572049
235,1475.0,0.23819131687984146,0.8665397086828966,0.7660862982588947,0.6456826882177796,0.7007501442585112
236,1476.0,0.3954345420387575,0.8553193679551186,0.888,0.7244485054170474,0.7979296959240889
237,1477.0,0.18110507759219704,0.8895465541201297,0.7683168316831683,0.5541273921736647,0.6438765350149352
238,1488.0,0.3446843554571892,0.8938185187091461,0.8406544811320755,0.8531039640987285,0.8468334694483628
239,1494.0,0.6287978999922794,0.9564053734108806,0.9622394769105028,0.9683336075012338,0.9652769237076212
240,1496.0,0.1384306559950588,0.904318287096608,0.7189575881451201,0.5180412371134021,0.6021827519794566
241,1500.0,0.21344931415189025,0.8924803129342735,0.776381251636554,0.705952380952381,0.7394937024566653
242,1506.0,0.13870859819337572,0.9099284574604972,0.7052052052052052,0.5482490272373541,0.6169001751313484
243,1514.0,0.7171732249015621,0.9328838334448504,0.9489882552709776,0.9583452414975708,0.9536437966583716
244,1517.0,0.23333247548704225,0.8946934994081013,0.7990033222591362,0.7374069207183531,0.7669703872437357
245,1519.0,0.2267596572046221,0.8918112100468372,0.7575357535753575,0.7749268512266486,0.7661326212728081
246,1522.0,0.262099493012842,0.8795614802614649,0.810463311904234,0.7111456914997082,0.7575631993369251
247,1526.0,0.2505648917826904,0.8834731586803233,0.7769164513350559,0.7460711331679074,0.7611814345991561
248,1530.0,0.1384306559950588,0.9044726954552472,0.6905728461885431,0.5668271010736764,0.6226108174054494
249,1540.0,0.6478781171989603,0.9025683256986978,0.9279200000000001,0.9212135652450164,0.9245546211789089
250,1544.0,0.6287978999922794,0.9547583509187296,0.967172550313428,0.9605963791267306,0.9638732481196828
251,1547.0,0.14760789561726329,0.901075711565186,0.7360576923076924,0.5272038567493113,0.6143659711075441
252,1548.0,0.7108062897290064,0.9401924957537702,0.9578582768076199,0.958273173548946,0.958065680259834
253,1552.0,0.10529376946238772,0.926089865664728,0.7481108312342569,0.43956586087814503,0.5537600994406463
254,1554.0,0.14634686156934398,0.9055535539657212,0.7490927941938829,0.5168097281831188,0.6116402116402115
255,1559.0,0.5268342898319479,0.7870194039837356,0.7919041638489035,0.8051271977212454,0.7984609390220144
256,1560.0,0.10076434104537148,0.9342220392197232,0.7652370203160271,0.5128593040847201,0.6141304347826088
257,1562.0,0.19716396016161825,0.8813114416593751,0.7156891071944524,0.6520136878125823,0.6823691460055096
258,1563.0,0.15564763105746712,0.8864069174944671,0.6961678832116789,0.4975546136289534,0.5803384673892374
259,1564.0,0.3056437707491572,0.8820320139996912,0.8313911143481427,0.7697235333782873,0.7993697478991596
260,1565.0,0.252875929690918,0.8824952390756087,0.7985723845639081,0.7217741935483871,0.7582336121995129
261,1566.0,0.22674421597138225,0.8933038241803489,0.7762011451331841,0.7264678471575023,0.7505114935611986
262,1569.0,0.2793113209975037,0.8950537855782593,0.8407695456406058,0.7651331719128329,0.8011701608971233
263,1570.0,0.2443163393983066,0.8973184415049668,0.8152954808806488,0.7459711620016963,0.7790942309821725
264,1572.0,0.3542218905216563,0.8629368469813166,0.8370919413341744,0.765061977515134,0.7994577904962722
265,1573.0,0.3326659289188563,0.8977301971280045,0.8428767750801649,0.8521148502624267,0.8474706379058877
266,1574.0,0.1108783488174589,0.9636625662669206,0.9106239460370996,0.7475772958006459,0.8210846426761277
267,1576.0,0.6283243688395913,0.9569715373925576,0.9619379970783964,0.9699672667757774,0.9659359465406244
268,1577.0,0.2885194430861878,0.8689587729682433,0.8427235153360888,0.6800070212392487,0.7526714591023896
269,1579.0,0.17363666778186684,0.8909876988007618,0.7670478610758154,0.5359573838413731,0.6310104529616725
270,1580.0,0.7171732249015621,0.9328838334448504,0.941368985446696,0.9669551534225022,0.9539905440688732
271,1588.0,0.6378927863705381,0.9590817849606259,0.9744285479361948,0.9607620591811916,0.9675470465771321
272,1589.0,0.20662943613763285,0.8977301971280045,0.8136012364760433,0.6553784860557769,0.7259688318852572
273,1590.0,0.1290320920297501,0.9143548304081528,0.7946026986506747,0.4326530612244898,0.5602536997885835
274,1594.0,0.6374038139846102,0.9546039425600906,0.9650157550294902,0.9637698700879528,0.9643924101735972
275,1597.0,0.3952595413953728,0.8323639919707654,0.8263081395348837,0.7338324512714599,0.7773295959526902
276,1598.0,0.34971819749337313,0.8715322456122292,0.8423256563053632,0.7751593300726248,0.8073479468971905
277,1600.0,0.13780271250997247,0.9015904060939832,0.6588089330024814,0.5944029850746269,0.6249509611612396
278,1602.0,0.625416269912757,0.9574347624684748,0.9655880420499344,0.9664611590628852,0.9660244032702026
279,1603.0,0.4743598322052655,0.8071439600597046,0.8159403669724771,0.7686075402398185,0.791567002280692
280,1606.0,0.8850966363846926,0.9484790776674044,0.9678406466512702,0.9741965479165456,0.9710081964839112
281,1608.0,0.6258486244434722,0.9554789232590456,0.9577861918955932,0.9721177432542928,0.9648987542101204
282,1609.0,0.22009419152276294,0.8833702197745638,0.7266298342541436,0.7616400277970813,0.7437231395611853
283,1613.0,0.205507373188872,0.9028771424159762,0.7924957362137578,0.7067173637515843,0.7471526195899771
284,1615.0,0.10518053375196232,0.9638169746255596,0.8861740166865316,0.7438719359679841,0.8088115311395158
285,1616.0,0.4263067143629205,0.8926347212929127,0.8645138645138645,0.8884213057592882,0.8763045540796963
286,1618.0,0.31855778881540003,0.866127953059859,0.8111225895316805,0.7580048270313757,0.7836646427680279
287,1619.0,0.6288184883032658,0.9571774152040764,0.961818330471752,0.9699068348586032,0.9658456486042694
288,1621.0,0.2387369071209821,0.9017962839055021,0.8392009987515605,0.7267027027027027,0.7789107763615295
289,1623.0,0.6883804719870293,0.9132739718976788,0.94312400334118,0.9299191374663072,0.9364750235626768
290,1624.0,0.2548678487788558,0.906531473570436,0.8380972696245734,0.7880064179703169,0.8122803390531321
291,1627.0,0.627063334791672,0.957228884656956,0.9610304907875428,0.9709249649946462,0.9659523907075842
292,1628.0,0.2868466428185398,0.8779144577693139,0.8665755919854281,0.6806151645207439,0.7624198717948718
293,1630.0,0.2495251820778753,0.8922744351227546,0.8161732213875387,0.7455095862764884,0.7792426959181521
294,1631.0,0.3374732995341895,0.8974213804107263,0.8541114058355438,0.8380281690140845,0.8459933544548335
295,1632.0,0.6288184883032658,0.9596994183951824,0.9652547177452012,0.971153846153846,0.9681952963158535
296,1637.0,0.3789793344828474,0.8782747439394719,0.84073923087376,0.8383468834688347,0.8395413528733292
297,1638.0,0.3987852896518002,0.8445107828503783,0.8890885331590983,0.6991650610147719,0.7827712662687855
298,1641.0,0.12500707723190158,0.8954655412012971,0.6968599033816425,0.2448027153160797,0.3623233908948194
299,1642.0,0.6125434284684871,0.9573318235627156,0.9579042754757392,0.9733802109492716,0.9655802366618226
300,1643.0,0.3826697892271663,0.8572237377116682,0.822640472592389,0.8014991299692142,0.8119322033898304
301,1644.0,0.1357387343335821,0.9213032065469144,0.8325301204819278,0.5248765666540068,0.64383880736082
302,1647.0,0.2244074426744216,0.9001492614133512,0.8092877641534046,0.7195546276965901,0.7617878192534381
303,1650.0,0.205507373188872,0.903083020227495,0.8289076644538322,0.6761014029042579,0.7447471872034702
304,1652.0,0.2695987852896518,0.8900612486489269,0.8172588832487309,0.7772001485332343,0.7967263037685574
305,1656.0,0.1357387343335821,0.9236708013793812,0.8554360812425329,0.535727646838758,0.6588451805843111
306,1657.0,0.3199938235067041,0.9057594317772402,0.8670212765957447,0.8349607811749642,0.8506890646660685
307,1658.0,0.6301618755951308,0.957589170827114,0.960682792654316,0.9723245721771884,0.966468625376414
308,1661.0,0.5942867437012636,0.8192907509393175,0.8483359199862045,0.8488482443274955,0.8485920048298763
309,1664.0,0.6981187430836143,0.9354058366359566,0.9513838043637428,0.956496135443504,0.9539331204346072
310,1665.0,0.3771778572715341,0.8590766380153378,0.8455947789973302,0.7706136793728035,0.8063649222065064
311,1667.0,0.1834881745888772,0.8652015029080241,0.6863672182821119,0.4886395511921458,0.570866786826151
312,1669.0,0.20564634428803047,0.875546862936847,0.8037243947858473,0.5329711039762904,0.640926640926641
313,1670.0,0.13746815245644287,0.9301044829893458,0.8622300058377116,0.5682954982685648,0.6850649350649349
314,1675.0,0.2483516483516484,0.8995830974316743,0.8334499650104968,0.7428274428274428,0.7855336924260746
315,1679.0,0.35970867539954193,0.8696278758556797,0.8338776722090261,0.7988906272223012,0.8160092975956997
316,1680.0,0.329850477391461,0.8756498018426064,0.8140438092279012,0.8112710945966868,0.8126550868486353
317,1681.0,0.22009419152276294,0.8842452004735191,0.7274994332350941,0.7539943609022557,0.7405099803853699
318,1683.0,0.10794966157963816,0.9296412579134284,0.7749437359339835,0.4919047619047619,0.6018060005825808
319,1684.0,0.6913400416913298,0.9371557980338672,0.9699340389630312,0.93847866419295,0.9539471202806172
320,1688.0,0.6343155673366446,0.9520819393689846,0.9631121134020618,0.9619499638001768,0.9625306878093934
321,1689.0,0.2630105257739918,0.8998404446960728,0.8531799729364006,0.7449783379283182,0.7954163162321278
322,1690.0,0.31855778881540003,0.8589222296566987,0.842469819908965,0.6863914866172203,0.7564637938693913
323,1692.0,0.6301618755951308,0.9568171290339184,0.9621848739495799,0.9697858131769688,0.9659703914013384
324,1695.0,0.2739120364413105,0.8769365381645993,0.8574885071376724,0.6629255518144407,0.7477582023420192
325,1696.0,0.2434310420258898,0.8909362293478821,0.8413885180240319,0.6738665526090676,0.7483671772948581
326,1701.0,0.6258486244434722,0.9587729682433476,0.9670231001550894,0.9675759555700753,0.9672994488671158
327,1702.0,0.6913400416913298,0.938751351073138,0.9488321167883212,0.9637455516014236,0.9562306900102986
328,1703.0,0.8259515659984044,0.92753101034536,0.9435775044366932,0.9694435712040241,0.956335669540408
329,1704.0,0.5565380755076306,0.8215039374131453,0.8322117133503092,0.8493595693335808,0.8406982085438677
330,1707.0,0.40382942584347736,0.8963405219002522,0.8611485245500183,0.8887905977505369,0.8747512437810945
331,1708.0,0.4054610494891525,0.8282979051932678,0.8366890380313199,0.7145586549484142,0.7708161582852432
332,1712.0,0.6948297604035311,0.8907818209892429,0.9094659140251844,0.935183807114154,0.9221455826240094
333,1713.0,0.5107908484957665,0.8232024293581759,0.8420050761421319,0.8039987882459859,0.8225631489229815
334,1716.0,0.338533597549991,0.8392094292037675,0.8336950088774906,0.6494544336867988,0.7301313061506566
335,1720.0,0.4940216691973132,0.8457975191723712,0.861737400530504,0.8171242926011318,0.8388380849919311
336,1721.0,0.2564377074915717,0.8564516959184724,0.7506550218340612,0.6761061946902654,0.7114330056906364
337,1722.0,0.4009470623053761,0.8330845643110814,0.7968204730515703,0.7867534456355283,0.7917549605085725
338,1723.0,0.15042849422240526,0.8967522775232899,0.7245080500894454,0.5382059800664452,0.6176134197483797
339,1728.0,0.3044084720899709,0.8551134901435997,0.8169275123558485,0.6731715594773461,0.7381151735045122
340,1732.0,0.6591296291530484,0.8724586957640641,0.9008870034708832,0.9073254097723918,0.9040947441752458
341,1733.0,0.6228684664281854,0.8789438468269082,0.8991747691804886,0.9077786026561082,0.9034562022822428
342,1734.0,0.6001647064878916,0.8876936538164599,0.8905254447662392,0.9260820927631012,0.9079557917826708
343,1736.0,0.21564711634969247,0.8781718050337125,0.7778104767510301,0.6211515863689777,0.6907095256762055
344,1779.0,0.10183493321666624,0.9428689073035154,0.8433734939759037,0.5539070227497527,0.6686567164179105
345,1821.0,0.1076923076923077,0.9293839106490298,0.7241379310344828,0.5534259702922856,0.6273764258555133
346,1842.0,0.13057621535373293,0.9210458592825158,0.8056729028364514,0.5241460541813898,0.6351094196003806
347,1905.0,0.4036904547443189,0.7983941530701528,0.7867096963473669,0.6852798364426271,0.7325001707300416
348,1918.0,0.184491854749466,0.8664367697771372,0.6876574307304786,0.5252886201209456,0.5956054230949043
349,1924.0,0.10128419589777904,0.929692727366308,0.7619848612279226,0.4555052790346908,0.5701699181875394
350,2201.0,0.74311964382222,0.8604148437902105,0.8982716385410996,0.915591621584131,0.9068489386549424
351,2202.0,0.3102504053323725,0.8308713778372536,0.7925925925925926,0.6283849918433931,0.7010009099181074
352,2203.0,0.1127004143397586,0.9059653095887592,0.6814752724224644,0.3597345132743363,0.470894874022589
353,2245.0,0.5093187842602362,0.8483709918163571,0.8852549889135255,0.8068916734033953,0.8442588285049692
354,2248.0,0.3494608436060427,0.8876936538164599,0.8723916532905297,0.7966871885077691,0.8328225559301257
355,2250.0,0.2532774017551535,0.9204282258479592,0.8883949461862424,0.7803123715577477,0.8308533916849015
356,2251.0,0.1867462748024809,0.9532142673323384,0.8947519357613994,0.85199344620426,0.8728493495593791
357,2252.0,0.1601976477854698,0.9631993411910033,0.9063026626221772,0.8602047344849648,0.8826522238634498
358,2253.0,0.12078647347968192,0.9701477173297648,0.9019776440240757,0.8563265306122451,0.8785594639865997
359,2254.0,0.1578351390997761,0.9589273766019868,0.8624094799210007,0.8733333333333333,0.8678370321298444
360,2258.0,0.1833492034897187,0.9486849554789232,0.8762827822120867,0.845202089634314,0.8604618614415674
361,2266.0,0.22150963790308054,0.9362293478820319,0.8587405786530513,0.8429594272076373,0.8507768276526557
362,2279.0,0.1515093805491932,0.9577950486386329,0.8983631518842786,0.8101613456917267,0.851985559566787
363,2280.0,0.11794528656355355,0.9755005404292552,0.9155405405405406,0.8630573248407644,0.8885245901639345
364,2286.0,0.2554494685642227,0.9136342580678368,0.8472812234494478,0.8061843168957155,0.826222038111019
365,2305.0,0.14213655197261754,0.9530598589736992,0.90995670995671,0.7491090520313614,0.821735731039875
366,2314.0,0.10128934297552564,0.9824489165680168,0.927652733118971,0.8936499741868872,0.9103339468840388
367,2348.0,0.2066037007488998,0.9305162386123836,0.8832844574780059,0.7598385469223007,0.8169243287225387
368,2351.0,0.14203875749543196,0.9638169746255596,0.9151467089611421,0.8251698248122991,0.8678322993043805
369,2370.0,0.35863293615050057,0.8652529723609038,0.8390593983814323,0.7784388723615243,0.8076131687242799
370,2408.0,0.22355302776848449,0.8838849143033609,0.8861878453038674,0.5527222605099931,0.6808149405772496
371,2461.0,0.13119901176107265,0.9650522414946732,0.8968493741907639,0.8252581413820492,0.8595656670113754
372,2551.0,0.3442468538487274,0.8648412167378661,0.8508515396525029,0.7376584638329605,0.7902220802045056
373,2558.0,0.2231412615487557,0.9287662772144732,0.8499034749034751,0.8221288515406162,0.8357854769814903
374,2573.0,0.7732043132511517,0.8684440784394462,0.8979591836734694,0.9349152087941552,0.9160646262971234
375,2581.0,0.18572715340865226,0.8604148437902105,0.7407792207792208,0.3918658972245122,0.5125808770668584
376,2743.0,0.118743083614278,0.9123475217458442,0.6871401151631478,0.4694055944055944,0.5577772007270839
377,3052.0,0.14831304526854874,0.8805393998661795,0.6511098463289698,0.4011220196353436,0.4964200477326969
378,3058.0,0.21853977404328687,0.8780173966750734,0.8167467398764585,0.5645161290322581,0.6676016830294531
379,3060.0,0.1112180559487351,0.9282515826856759,0.7394408090422367,0.5652569349704412,0.6407216494845361
380,3097.0,0.5908948194662479,0.8052395903031551,0.8333621136245899,0.8388666782548235,0.8361053361053361
381,3468.0,0.15790205111048206,0.9507437335941121,0.8766114180478821,0.7928047968021319,0.8326045128563931
382,3470.0,0.14666083331188715,0.9001492614133512,0.7305812058663771,0.4822517031193976,0.5809935205183585
383,3546.0,0.1335254909025401,0.8921714962169952,0.6476828587381351,0.4420731707317073,0.5254813137032842
384,3549.0,0.11570116066603188,0.9084873127798652,0.71484375,0.33002705139765554,0.4515731030228254
385,4163.0,0.1346835833955272,0.9533686756909774,0.8818019625334522,0.7551566080977846,0.8135802469135803
386,4164.0,0.12538796098515068,0.9583612126203098,0.875753361149745,0.7773662551440329,0.8236320034881185
387,4166.0,0.16689399593380858,0.9134798497091976,0.8237721832439125,0.6141538461538462,0.7036841177507491
388,4451.0,0.5697866536274029,0.8282464357403879,0.8740676993689042,0.8190126332765881,0.8456450344604285
389,4452.0,0.12771958720436472,0.9236193319265016,0.7636363636363637,0.5781376518218624,0.6580645161290324
390,4571.0,0.14178140360810151,0.9226928817746668,0.7978250123578843,0.5962319911340968,0.6824524312896405
391,4577.0,0.3532490928275472,0.8706057954603943,0.8417790175112351,0.7844043321299639,0.8120795335625655
392,4853.0,0.14831304526854874,0.8832158114159246,0.6655251141552512,0.4092664092664093,0.5068463377526624
393,4890.0,0.1896029029518491,0.8804364609604199,0.7830109335576114,0.5074952303079858,0.6158425665619315
394,4929.0,0.6037728079882647,0.8065263266251479,0.8365263950472684,0.8470857336496103,0.8417729511301932
395,5128.0,0.8184110970996217,0.8930464769159504,0.9421230045156777,0.9269132094362056,0.9344562200353268
396,5199.0,0.12183133026224365,0.9169283030521386,0.8278418451400329,0.4170124481327801,0.5546357615894039
397,5232.0,0.2892657693594462,0.8980390138452828,0.8762605042016807,0.7497753010965307,0.8080984210016467
398,5273.0,0.2788841135445351,0.8679293839106491,0.7975570684821787,0.7192127121704587,0.7563615647550325
399,5303.0,0.11859381835962632,0.9204796953008392,0.742,0.4900924702774108,0.5902943516308672
400,5306.0,0.1007231644233986,0.9406557208296876,0.8023862788963461,0.5478615071283096,0.6511346444780636
401,5312.0,0.16147927014437552,0.9044212260023676,0.7740228013029316,0.5935060880424602,0.6718501502032161
402,5344.0,0.17336387266129655,0.8912450460651603,0.7348105789849892,0.5999416399182959,0.6605622489959839
403,5359.0,0.4528347530689451,0.8131144165937516,0.8228021978021978,0.7486649244404044,0.7839847700636563
404,5544.0,0.6711377615358879,0.8868186731175047,0.9253089316439856,0.9048565965583174,0.9149684853640616
405,5558.0,0.21115371747690248,0.9286118688558341,0.8542041655952687,0.8020280057943022,0.8272942348399951
406,5559.0,0.1750418200066912,0.9448762159658244,0.907026259758694,0.7595839524517087,0.826783114992722
407,5563.0,0.21417505211416216,0.8851716506253539,0.7595809208712434,0.6696645600388916,0.7117943418163027
408,5564.0,0.13900712870267906,0.932060322198775,0.7887950200088928,0.6773577701412753,0.7288414133114215
409,5575.0,0.31526880613531666,0.8595398630912553,0.816919902457325,0.7129993451211526,0.7614301949471106
410,5586.0,0.1614175052114162,0.904730042719646,0.7499019992159938,0.6119641714651312,0.6739475074863486
411,5596.0,0.5331034305273181,0.8899583097431675,0.8979393468118196,0.89463490218865,0.8962840787814107
412,5601.0,0.17023959646910464,0.9443615214370272,0.8893414799728445,0.7762962962962963,0.8289827558930548
413,5605.0,0.2451964896929768,0.8981419527510422,0.8805927614705045,0.6645161290322581,0.7574457654124279
414,5610.0,0.4361633682476774,0.9067888208348344,0.9109505144536992,0.8727848844032391,0.8914593946658675
415,5612.0,0.114012919165144,0.9640228524370786,0.9043624161073824,0.7538461538461538,0.822273073989321
416,5613.0,0.16573590344082148,0.929692727366308,0.8476722532588454,0.7039901020723786,0.7691787766137208
417,5616.0,0.340839488380472,0.9128107468217612,0.8844634107792002,0.8531788382375363,0.8685395002328108
418,5622.0,0.10595259541395373,0.9458541355705388,0.8560338743824982,0.5885492479378942,0.6975273145485912
419,5623.0,0.27996499987132306,0.930258891347985,0.8671692694309818,0.8870730811604848,0.8770082599618771
420,5626.0,0.2246184728620325,0.9374131452982656,0.9038267875125882,0.8114828209764918,0.8551691281562649
421,5631.0,0.22592068353192474,0.9241854959081784,0.8509544787077826,0.8009675190048376,0.8252046991812033
422,5632.0,0.1235350129963713,0.9667507334397036,0.9007971656333038,0.8281758957654723,0.8629613915994908
423,5633.0,0.10004889723859277,0.9503319779710742,0.8174550299800133,0.6397288842544318,0.7177537291605732
424,5634.0,0.2850657539182129,0.9174429975809356,0.8759498480243161,0.8290183387270766,0.8518381673748383
425,5635.0,0.1473917183519057,0.9669566112512225,0.9226168224299064,0.8501550120564932,0.8849049838651846
426,5637.0,0.13279460586252154,0.9354573060888364,0.7836635665183987,0.7293940534437335,0.7555555555555556
427,5641.0,0.3463931852690635,0.8944361521437028,0.8667709147771696,0.8221595965588846,0.8438760752074294
428,5642.0,0.16919988676428954,0.9556848010705646,0.9094622191967324,0.817875726966636,0.8612409347300564
429,5644.0,0.1812749311578352,0.9171341808636574,0.8193060803847475,0.6875180167195157,0.7476489028213166
430,5648.0,0.4143654939907867,0.8729733902928611,0.8873278620114063,0.7937041184521587,0.8379088401418626
431,5650.0,0.2014772113132769,0.956868598486798,0.9244543928371572,0.8533057851239669,0.8874563524039752
432,5654.0,0.2839900146691716,0.8819805445468115,0.8646112600536193,0.6964189310779197,0.7714542011362503
433,5655.0,0.10838201611035336,0.9537289618611354,0.8680677174547577,0.6884259259259259,0.7678801962303125
434,5677.0,0.21437578814627994,0.9134798497091976,0.836750998668442,0.7463182897862233,0.7889516635279347
435,5685.0,0.12656664178912422,0.9342735086726028,0.7920944558521561,0.6389233954451345,0.7073114829245932
436,5686.0,0.14592994827186864,0.9366411035050698,0.8284023668639053,0.703770197486535,0.7610172781984081
437,5692.0,0.5191908793782329,0.8437387410571826,0.8552870090634441,0.8415576694411415,0.8483667965238239
438,5693.0,0.3531615925058548,0.8806938082248186,0.8501861042183623,0.8021656423763536,0.8254780906489988
439,5694.0,0.1964176338883599,0.945287971588862,0.9110635696821516,0.7942978950173195,0.8486832740213524
440,5699.0,0.1452453869315696,0.9614493797930928,0.8964986533282031,0.8291814946619217,0.8615270844888149
441,5710.0,0.2599994852922253,0.9227443512275464,0.9085420393559928,0.7881668283220175,0.8440843461098992
442,5725.0,0.13482770157243226,0.9609861547171754,0.9169286035024696,0.7808795411089866,0.8434531185460553
443,5786.0,0.33997477931904163,0.8858922229656698,0.8742635919878808,0.7794117647058824,0.8241174137247125
444,5788.0,0.11334894613583138,0.9526995728035412,0.8828985507246376,0.6799107142857143,0.7682219419924338
445,5830.0,0.2343104202588981,0.9145607082196716,0.8708354689902614,0.7461572244180942,0.803689687795648
446,5846.0,0.14396891165041048,0.9219723094343508,0.7955596669750231,0.6156048675733715,0.6941081517352703
447,5860.0,0.6210155184394061,0.8375624067116166,0.8663867621634972,0.8728539437671062,0.8696083292017849
448,5861.0,0.3697197416166971,0.8723042874054249,0.8979902043573721,0.7390881289963859,0.8108272969881816
449,5863.0,0.2336876238515583,0.9237222708322612,0.921420581655481,0.7328736654804271,0.8164023785926661
450,5875.0,0.3089636358957202,0.9048844510782852,0.8983926521239954,0.780938123752495,0.8355579284570209
451,5904.0,0.17154695421674346,0.9247516598898554,0.805103668261563,0.7478518518518519,0.7754224270353304
452,5936.0,0.1253982551406439,0.9567141901281592,0.907819782496116,0.7255794701986755,0.80653324131585
453,5984.0,0.4423810381655815,0.87498069895517,0.8556891766882516,0.8623703531056987,0.8590167740437634
454,6141.0,0.2080912062176699,0.8819805445468115,0.7726861621947543,0.6248171623598244,0.6909286965898369
455,6235.0,0.8554134390199964,0.9097740491018579,0.9319368689799234,0.9651463253410252,0.9482509225092252
456,6599.0,0.387785984507296,0.8674661588347315,0.860005808887598,0.7861409796893668,0.8214161869755183
457,6717.0,0.12591296291530485,0.9445159297956662,0.8575050709939148,0.6796623794212219,0.7582959641255606
458,6747.0,0.10200478678230436,0.9361264089762724,0.7021906453522795,0.6164241164241164,0.6565181289786881
459,6806.0,0.1253982551406439,0.9569715373925576,0.8808314087759815,0.7674044265593561,0.8202150537634408
460,6821.0,0.1196849988419075,0.8986566472798394,0.7686781609195402,0.2283397353819889,0.3520895031260283
461,6826.0,0.11404380163162366,0.9117298883112872,0.6336182336182337,0.5091575091575091,0.5646103071845646
462,6829.0,0.17348225544946858,0.8983478305625611,0.7402597402597403,0.6406388642413487,0.6868558744252419
463,6830.0,0.14193581594049978,0.9101858047248956,0.7531280076997112,0.5595280657847694,0.6420512820512819
464,6836.0,0.12256221530226212,0.9065829430233155,0.7593671940049959,0.37407711238720265,0.5012366034624897
465,6838.0,0.2312684973106519,0.8865098564002265,0.8151546932354483,0.6745497938815361,0.7382167873679211
466,6839.0,0.1445299431247909,0.9017962839055021,0.7319529938444319,0.4778955060284984,0.5782493368700264
467,6841.0,0.1218210361067504,0.90581090123012,0.6746826987307949,0.4292392690182745,0.5246753246753246
468,6843.0,0.1255629616285354,0.8945905605023419,0.6417910447761194,0.3836171938361719,0.4802030456852792
469,6844.0,0.14460714929099006,0.8923259045756343,0.6509186351706037,0.5348670021567218,0.5872138910812944
470,6845.0,0.11549013047842087,0.9339646919553244,0.7487411883182276,0.6547776309995597,0.6986140474512568
471,6847.0,0.1996654399464704,0.8572237377116682,0.7037037037037037,0.49044914816726903,0.5780346820809248
472,6849.0,0.17583961705741566,0.903083020227495,0.7843950245005654,0.613502358490566,0.6885028949545079
473,6850.0,0.2022647142085081,0.9230531679448248,0.8463995354239257,0.7510950785879927,0.7959044368600683
474,6851.0,0.1891345188769077,0.94024396520665,0.8791304347826087,0.8030182684670373,0.8393524283935243
475,6852.0,0.1320997503667293,0.9332955890678882,0.8319713993871297,0.6275038520801233,0.7154150197628458
476,6853.0,0.15417556682193684,0.8768850687117196,0.7766355140186916,0.278485254691689,0.4099654662062161
477,6854.0,0.12242324420310367,0.9002007308662309,0.6908396946564885,0.3710537105371054,0.482795412109896
478,6855.0,0.1262732583575675,0.8988110556384785,0.6673511293634496,0.3971486761710794,0.4979570990806946
479,6856.0,0.2166868260545076,0.8614957023006845,0.7387839433293979,0.5808772336969135,0.6503832662076133
480,6857.0,0.2710708495251821,0.8850172422667147,0.8400091033227128,0.7068173113749521,0.7676788685524126
481,6858.0,0.17308593046297965,0.8851201811724742,0.7355830841520717,0.5163418290854572,0.6067653276955602
482,6859.0,0.19478601024268472,0.8568634515415101,0.6875671802221426,0.5013061650992685,0.5798458981719292
483,6860.0,0.2429883933396814,0.8201657316382727,0.6963030858539566,0.4768780079514543,0.5660705414803775
484,6861.0,0.18717862933319607,0.8501724226671471,0.636223506743738,0.4563294637921504,0.5314662803798488
485,6862.0,0.209527240908974,0.8607751299603685,0.7337398373983741,0.5302325581395348,0.6156032400170527
486,6863.0,0.19026172890341508,0.8815173194708941,0.7827041264266901,0.4966573816155989,0.6077027948193593
487,6864.0,0.18788377898448155,0.9058109012301201,0.8280791788856305,0.6240331491712707,0.7117202268431002
488,6866.0,0.19080217206680908,0.910340213083535,0.8370846730975349,0.6456324056213834,0.7289981331673928
489,6867.0,0.13482770157243226,0.9636110968140408,0.8932160804020101,0.8251450676982592,0.8578322943897045
490,6868.0,0.13249607535321822,0.8912450460651603,0.6824440619621343,0.3125739061884115,0.428764530954312
491,6869.0,0.24499575366085904,0.8717381234237479,0.7618239146252729,0.6753386368522898,0.715979028949168
492,6870.0,0.2032581002136037,0.883524628133203,0.7922722438851472,0.571319018404908,0.6638942521907025
493,6871.0,0.2648274442185449,0.9217149621699521,0.8966272448532633,0.7960334435154579,0.8433412297867957
494,6872.0,0.3971021952286589,0.8446137217561377,0.8246188915799971,0.7639915522703273,0.7931483384720794
495,6873.0,0.3636719252644311,0.8640691749446704,0.8652659663164916,0.7389632583309599,0.7971426376833859
496,6874.0,0.2593818359626322,0.8625250913582788,0.7824361200694617,0.6374292643492321,0.7025281211716227
497,6875.0,0.2297449622976555,0.8871274898347831,0.7811320754716982,0.7236180904522613,0.7512759441987071
498,6876.0,0.3170085184136706,0.8661794225127387,0.8496744920102585,0.7008950366151343,0.7681469591581953
499,6877.0,0.26092595928661505,0.8761130269185239,0.8030475324084603,0.6961750788643533,0.7458020910339
500,6878.0,0.35863293615050057,0.8570693293530289,0.8401995494045703,0.7453247680228409,0.7899235948256298
501,6879.0,0.3997014694906967,0.8658191363425807,0.8650376473930956,0.7860831396849987,0.8236726411903956
502,6880.0,0.4039169261651697,0.8536723454629678,0.8301369863013699,0.8050354251012146,0.8173935384417754
503,6881.0,0.27605322078389993,0.8537752843687272,0.7827994734532691,0.6584240634803469,0.7152450636463866
504,6882.0,0.40485369431505264,0.8749292295022904,0.87248322147651,0.8095056551023002,0.8398154251812788
505,6883.0,0.1144040970738863,0.9164136085233414,0.7480519480519481,0.3932635411925353,0.5155131264916468
506,6884.0,0.212939753454976,0.8576354933347059,0.7028682818156502,0.597679374852001,0.6460199641668799
507,6885.0,0.2883290012095633,0.877348293787637,0.8051899210229408,0.7607034997335228,0.7823147894400291
508,6886.0,0.2692745193916154,0.8617015801122034,0.7716701902748414,0.6943123454441696,0.7309502353058976
509,6887.0,0.4153691741513755,0.8426064130938288,0.8910736579275905,0.7075588599752168,0.788782981074734
510,6888.0,0.2661399490439303,0.856348757012713,0.8400900900900901,0.573074707125024,0.6813563192145222
511,6889.0,0.2606840466325244,0.9200164702249216,0.8669590643274854,0.819060773480663,0.8423295454545454
512,6890.0,0.5184805826492009,0.8426578825467085,0.8524689488033929,0.8410041841004184,0.8466977583872424
513,6891.0,0.3697300357721903,0.8259303103608009,0.8017628205128206,0.6999160604364857,0.7473857185539288
514,6892.0,0.3830455259026688,0.8831128725101652,0.8614927064155219,0.8247017353579176,0.8426958509385606
515,6893.0,0.4226677303960677,0.8732307375572598,0.8638569604086845,0.8288199975493199,0.8459758614220497
516,6894.0,0.15873073062768614,0.910854907612332,0.8473601672765291,0.5295655014701078,0.6517893043827906
517,6895.0,0.10855701675373806,0.9060167790416388,0.6546854942233633,0.2467343976777939,0.3583977512297962
518,6896.0,0.4570502097434182,0.8113644551958412,0.8245012072690304,0.739626082991336,0.7797608316807884
519,6897.0,0.21444270015698588,0.8638118276802718,0.7195508206161819,0.5991368976264685,0.653846153846154
520,6898.0,0.2884988547752014,0.9196047146018838,0.906620351450756,0.8006134969325154,0.850325795323879
521,6899.0,0.2031860411251512,0.8888259817798136,0.7354570637119113,0.6878238341968912,0.7108433734939759
522,6900.0,0.3480196618369921,0.8410623295074373,0.8826291079812206,0.6324411291502121,0.7368779822767552
523,6901.0,0.37876315721748977,0.8489371557980339,0.7986968915433691,0.8020719738276991,0.8003808746514317
524,6902.0,0.26543994647039143,0.862679499716918,0.7965004793863855,0.6462465966549981,0.713549495383294
525,6903.0,0.1483181923462954,0.8802820526017808,0.6840811309157959,0.3805128205128205,0.4890158172231986
526,6904.0,0.27832308207015466,0.8869216120232641,0.9029776674937964,0.6683195592286502,0.7681266490765172
527,6905.0,0.31202614715495275,0.8622677440938803,0.8081500180310134,0.7354775188710206,0.7701030927835051
528,6906.0,0.265748771135188,0.8877965927222193,0.8006456820016142,0.7689922480620155,0.7844998022933967
529,6907.0,0.3697300357721903,0.8123938442534356,0.7726728524393894,0.7083276169570586,0.7391024264547993
530,6908.0,0.3452968577090357,0.8139893972927068,0.7400787640109058,0.7202240566037735,0.7300164350814283
531,6909.0,0.3545770388861724,0.8888774512326933,0.8487912087912088,0.8371387283236994,0.8429246998908695
532,6910.0,0.4291942249787683,0.8331360337639611,0.8423219978746015,0.7552405907575036,0.7964079377040945
533,6911.0,0.5093187842602362,0.8477533583818004,0.8855903935957304,0.8050333535476046,0.8433926302414231
534,6912.0,0.3770800627943485,0.8499665448556282,0.8310708898944194,0.7542778918548939,0.7908144958736993
535,6913.0,0.528651208276501,0.8293272942508622,0.8364391232982524,0.8422946037919301,0.839356651487259
536,6914.0,0.4069382608024294,0.7586082659941324,0.7180075593952484,0.6715909090909091,0.6940240083507307
537,6915.0,0.24477442931775484,0.850532708837305,0.7226347305389221,0.6334243124081461,0.675095099574849
538,6916.0,0.4581825668476722,0.8009161562612589,0.8391269199676638,0.6996180633565491,0.7630482724822348
539,6917.0,0.5354041742800525,0.8175407895414072,0.8609923011120616,0.7819753326211518,0.8195836938266579
540,6918.0,0.6309442314126155,0.8075557156827423,0.8279627367135003,0.8794711655446508,0.8529400196656833
541,6919.0,0.602305890830481,0.8115188635544804,0.8603131991051454,0.8206572769953052,0.8400174748798602
542,6920.0,0.4789149960110147,0.9002007308662309,0.8785656071719642,0.9202859886885072,0.8989419919737323
543,6921.0,0.6581877139254189,0.8231509599052962,0.8806684513669182,0.8467358240386865,0.8633688563702878
544,6923.0,0.6684612811076511,0.8302022749498172,0.8730097387540579,0.872133425990271,0.8725713623546679
545,6924.0,0.7732094603288983,0.8618559884708425,0.9032977119255228,0.919330086074598,0.9112433862433862
546,6925.0,0.5225313328357825,0.9362808173349118,0.9441742654508612,0.9313411952828304,0.9377138257194606
547,6927.0,0.7206526494582701,0.9298986051778272,0.9471644945403312,0.9564629721846768,0.9517910236443438
548,6928.0,0.8628921429858198,0.9119872355756858,0.9283334274580676,0.973872859766574,0.9505580292603945
549,6929.0,0.7972617546388038,0.946574707910855,0.9548801208231076,0.9792836398838336,0.9669279296501626
550,6937.0,0.7732043132511517,0.8760615574656442,0.9158853995935226,0.9254720105995364,0.9206537498352444
551,6939.0,0.74311964382222,0.8621648051881209,0.9054510371442354,0.9095880927656628,0.9075148501174196
552,6941.0,0.19132202691921665,0.8705028565546348,0.7497883149872989,0.4791666666666667,0.5846814130075934
553,6942.0,0.6345780683017217,0.9488908332904421,0.9622641509433962,0.9565359210633614,0.9593914857072752
554,6943.0,0.4036904547443189,0.7886664264758866,0.7876870853263386,0.6515634971282706,0.7131880413523332
555,6946.0,0.6520935738734334,0.7933501466879407,0.8430136338560958,0.8409591194968553,0.8419851233814789
556,6947.0,0.651321512211442,0.9452365021359824,0.9528345724907064,0.9643361028374352,0.9585508375535644
557,6948.0,0.11469233342769646,0.9220237788872304,0.6901920083030617,0.5916370106761566,0.6371257485029941
558,6949.0,0.21853977404328687,0.8795100108085852,0.8294314381270903,0.5752725585710972,0.6793589919189151
559,6954.0,0.18572715340865226,0.8650985640022647,0.6812523576009053,0.5041876046901173,0.5794962297449061
560,6959.0,0.14984687443703834,0.8924803129342735,0.7278043593833068,0.4646978954514596,0.5672260203024653
561,6960.0,0.16632267030393494,0.9205311647537188,0.8232129131437356,0.6639801611903285,0.7350720658888126
562,6964.0,0.14831304526854874,0.8735910237274178,0.668777707409753,0.35329541652726665,0.4623467600700525
563,6965.0,0.685606197081607,0.8162025837665345,0.8443126456259267,0.8974782347643351,0.8700840397278714
564,6966.0,0.5697866536274029,0.8310257861958927,0.8730535510824154,0.8253298626694192,0.8485212014949475
565,6968.0,0.12538796098515068,0.9584126820731896,0.8836432999523128,0.766652875465453,0.8210013291980506
566,6984.0,0.13465270092904752,0.959956765659581,0.9090909090909092,0.7769617317356011,0.8378491037932472
567,7013.0,0.1492601075739249,0.9314426887642184,0.8248327759197325,0.6836451836451837,0.7476316786661615
568,7024.0,0.2958540288751061,0.8397755931854445,0.7975575387505871,0.6013812643881707,0.6857142857142856
569,7029.0,0.5637285431196438,0.8105924134026455,0.8311629995509654,0.8371777476255088,0.8341595313204145
570,7035.0,0.11245335460792136,0.9171341808636574,0.7653429602888087,0.3858052775250228,0.5130066545674532
571,7044.0,0.14688215765499138,0.9405013124710484,0.8876513317191284,0.6648531011969532,0.7602654500207382
572,7071.0,0.2995033069974522,0.8915538627824386,0.8304363249379213,0.8026744385393451,0.8163194141748759
573,7098.0,0.20720076176750649,0.8734880848216583,0.7584626234132581,0.5481651376146789,0.6363905325443787
574,7105.0,0.2996011014746377,0.8779144577693139,0.8451310129057489,0.7322941375804812,0.7846768336964416
575,7143.0,0.7174254317111459,0.9408615986412064,0.9553887551338336,0.9629576761116264,0.9591582838659224
576,7153.0,0.17843889131945334,0.8966493386175305,0.8301104972375691,0.5238233585124927,0.6423227645172782
577,7154.0,0.16777414622847878,0.9453909104946214,0.8743036211699164,0.7819993771410776,0.8255794838073319
578,7162.0,0.6125897521682065,0.818106953523084,0.8659319680666435,0.8338068181818182,0.8495658096373234
579,7166.0,0.1357335872558355,0.9525451644449019,0.8880070546737213,0.7509321401938852,0.8137373737373738
580,7216.0,0.25495020202280155,0.8463636831540481,0.8206785137318255,0.5110663983903421,0.629882207067576
581,7229.0,0.14168875620866253,0.8959287662772145,0.7263157894736842,0.407380073800738,0.5219858156028369
582,7246.0,0.10442391332321074,0.9309279942354212,0.7537091988130564,0.5014807502467917,0.6022525192649674
583,7254.0,0.16302339346835834,0.8621648051881209,0.6589099816289039,0.33656553018454805,0.4455486542443064
584,7269.0,0.14003654425200093,0.8811055638478563,0.6291469194312796,0.3867443554260743,0.4790257104194858
585,7279.0,0.14390714671745114,0.9189356117144476,0.8364537444933922,0.5430818734358241,0.6585735963581184
586,7287.0,0.16211236070720847,0.9081270266097072,0.7971514889943893,0.584123972169513,0.6742106223763461
587,7292.0,0.2015338291684896,0.9293839106490298,0.8685831622176592,0.7621621621621621,0.8119001919385797
588,7321.0,0.1236997194842628,0.9586700293375882,0.8828871892925431,0.7679833679833679,0.8214365132310429
589,7356.0,0.5423218467714955,0.8228421431880178,0.8760834670947031,0.7818737465380575,0.8263019781994349
590,7400.0,0.17332269603932368,0.928251582685676,0.8318896374719281,0.7487727403984984,0.7881458966565349
591,7414.0,0.18094551818205212,0.8794585413557053,0.7174971899587861,0.5466742791892664,0.6205443940375891
592,7430.0,0.19114702627583188,0.92207524834011,0.8738180632539941,0.703966377725243,0.7797497817864417
593,7439.0,0.20229559667498775,0.93118534149982,0.8760671180453341,0.7646454265159301,0.8165729180957607
594,7470.0,0.13773580049926654,0.8856348757012713,0.636731937879811,0.3589645984012181,0.4591041869522883
595,7476.0,0.10408420619193452,0.9377734314684236,0.8935762224352828,0.4591133004926109,0.6065733810608526
596,7496.0,0.37875286306199657,0.8603633743373308,0.7994541200935794,0.8401857669717252,0.8193140193140193
597,7506.0,0.11069305401858097,0.9417880487930412,0.8801681850035038,0.5667870036101083,0.6895415866044469
598,7514.0,0.103682734127699,0.9297956662720676,0.8507306889352818,0.400294695481336,0.5444221776887107
599,7517.0,0.6894459170805775,0.8147614390859025,0.8432672638781125,0.8967146714671467,0.8691700897887963
600,7524.0,0.2472141441696477,0.8206289567141901,0.673402512288367,0.5186119873817034,0.5859569918023048
601,7525.0,0.17490284890753274,0.8657676668897009,0.7475845410628019,0.3611435239206535,0.4870180959874114
602,7533.0,0.16857709035694984,0.8897009624787688,0.7289899768696994,0.5676973881717202,0.6383122362869198
603,7539.0,0.1898859922279126,0.9122445828400844,0.8585049580472921,0.6278940027894003,0.7253101337199936
604,7553.0,0.232097176827856,0.9248031293427351,0.8994866252364226,0.7535083748302399,0.8200517305086834
605,7558.0,0.15369174151375556,0.9121931133872047,0.7649269311064718,0.6157983193277311,0.6823091247672254
606,7559.0,0.5578248449442829,0.9230531679448247,0.916189111747851,0.948197572050783,0.9319185755271188
607,7565.0,0.19437939110070257,0.9488908332904421,0.8935185185185185,0.8316725020199299,0.8614869577346911
608,7619.0,0.11063643616336825,0.9757578876936538,0.9219753086419753,0.8564220183486239,0.8879904875148634
609,7635.0,0.17396093367990323,0.8548561428792012,0.7277227722772277,0.2615658362989324,0.38481675392670156
610,7649.0,0.19567130761510151,0.905244737248443,0.8697674418604651,0.5985596158975727,0.7091167641017537
611,7671.0,0.19627866278920142,0.9146121776725513,0.8916147931160747,0.6411269088994207,0.7459028947771481
612,7736.0,0.5352600561031474,0.8358639147665861,0.8525907990314769,0.8407831900668576,0.8466458283241163
613,7756.0,0.14784466119360734,0.946368830099336,0.9139399372478709,0.7057805469020423,0.7964843750000001
614,7764.0,0.17104254059757573,0.9384940038087395,0.8618307426597582,0.7583586626139818,0.8067906224737268
615,7771.0,0.11218570656509766,0.9328323639919708,0.7971506105834464,0.5387436955524989,0.6429548563611491
616,7781.0,0.11974676377486682,0.9285089299500746,0.810368349249659,0.5167464114832536,0.6310756972111554
617,7787.0,0.3650873716447487,0.8610839466776469,0.8746575342465753,0.7219787985865724,0.7910181958962447
618,7790.0,0.2280309854080346,0.8796644191672243,0.8481394569225612,0.5730464326160816,0.6839686401730198
619,7811.0,0.19012275780425664,0.8701425703844768,0.7192771084337349,0.4954356846473029,0.5867321867321867
620,7835.0,0.23767146202743392,0.913943074785115,0.8276181649675626,0.7937777777777778,0.810344827586207
621,7859.0,0.1694366523406336,0.8789438468269082,0.7350674373795761,0.45853365384615385,0.5647668393782384
622,7869.0,0.1120415883881926,0.961397910340213,0.8845953002610966,0.7620332883490778,0.8187530207829868
623,7906.0,0.14423655969323418,0.9341191003139636,0.8471776044056907,0.6609380594343001,0.7425583266291231
624,7957.0,0.7760660884782664,0.8708631427247928,0.8994271164863145,0.938309316687695,0.9184568884266632
625,7977.0,0.6652958282934863,0.9384425343558598,0.9511413084968319,0.9572800614675374,0.9542008118250748
626,8003.0,0.3810072831150115,0.8438931494158217,0.8255725769755802,0.7429702429702429,0.78209641497234
