,smiles,mass,fp_score,rank_1,rank_2,rank_3
0,CCCCCCOC(=O)CCC(=O)OCCOc1c(F)c(F)c(F)c(F)c1F,412.13091487200006,0.9891304347826086,1,1,1
1,CC(C)CC(C)OC(=O)CCC(=O)Cl,220.086622084,0.9818840579710145,1,1,1
2,CCCCCCCCCCCCCCCCCCCCCCOCCC,368.40181628399995,0.9818840579710145,3,1,1
3,CCCCCCCCCCCCCCCCCCCCCCCCCCCCC(=O)CC(C)=O,478.474981224,0.8786231884057971,17,5,1
4,O=C(CCCl)N1CCOCC1,177.055656304,0.947463768115942,1,1,1
5,CN(CCC=C1c2ccccc2C=Cc2ccccc21)C(=O)C(F)(F)C(F)(F)C(F)(F)F,457.127661736,0.875,177,3,1
6,CCC(CCC(C)C1CCC2C3CCC4CC(OC(=O)C(F)(F)C(F)(F)F)CCC4(C)C3CCC12C)C(C)C,562.380921972,0.9239130434782609,10,1,1
7,C=C[Si](C)(Cl)OC(C)CC(C)(C)C,220.10501950199998,0.927536231884058,96,13,13
8,CCCCCCCCOC(=O)c1cccc(C(=O)OCCOC)c1,336.193673996,0.9945652173913043,3,2,2
9,CC(=O)Oc1ccc(Cl)c2cccnc12,221.024356176,0.9384057971014492,4,4,4
10,CCCCCCCO[Si](C)(C)Oc1cc(C)ccc1Cl,314.14688431400003,0.9583333333333334,1,1,1
11,CC(C)CCCOC(=O)C1CCCN1C(=O)C1CC1,267.18344366,0.9619565217391305,12,5,5
12,Cc1cc(C)c2ccc3cccc4ccc1c2c43,230.109550448,0.9836956521739131,19,1,1
13,CC(C)C(C)OC(=O)CCC(=O)OCc1cccc([N+](=O)[O-])c1,323.136887392,0.9619565217391305,4,1,1
14,CC1CCC(OC(=O)CCC(=O)OCC(Cl)Cl)CC1,310.07386448,0.9855072463768116,1,1,1
15,CCCN(CCC)C(=O)c1cccs1,211.103085164,0.9619565217391305,6,3,3
16,CC[C@H]1CC[C@@H](C)CC1,126.14085057599999,0.9873188405797102,7,1,1
17,CCOC(=O)c1ccc(C(=O)OCc2ccc([N+](=O)[O-])cc2)cc1,329.0899372,0.9547101449275363,1,1,1
18,CCCCCCCCCCCCCCOC(=O)CCCC(=O)OCC(F)(F)C(F)F,442.27062257599994,1.0,1,1,1
19,CCCCCCCCCOC(=O)CCCC(=O)OC(C)CCCCC,356.29265976,0.9963768115942029,19,5,5
20,CCCCOC(=O)c1cccc(C(=O)OC2CCC(C)C(C)C2)c1,332.198759376,0.9909420289855072,1,1,1
21,CCCCCCCCCCCCCCCCOC(=O)c1cccc(C(=O)OCCCCCC)n1,475.366159048,0.9945652173913043,1,1,1
22,CC(C)COC(=O)CCCCC(=O)OC(C)C(C)(C)C,286.21440944,0.9728260869565217,64,19,18
23,CC(C)C(=O)Oc1cnc2ccccc2c1,215.094628656,0.9528985507246377,3,3,3
24,CC(C)(C)c1csc(CCl)n1,189.037898064,0.8605072463768116,917,155,71
25,CCCCCCCCC(C)OC(=O)CCCC(=O)OCCC(C)C,342.277009696,0.9728260869565217,31,8,8
26,CC(c1ccccc1)N1C(=O)CCCC1=O,217.11027872,0.9130434782608695,3,3,3
27,CC(C)c1ccc(OC(=O)c2cccc(Cl)c2)cc1,274.0760574,0.9384057971014492,147,8,7
28,CCCCCCCC/C=C/COC(=O)c1cccc(C(=O)OCCCCCCCC)c1,430.30830982399993,0.9619565217391305,187,50,33
29,CC(OC(=O)CCC(=O)Oc1ccccc1Cl)C(F)(F)F,324.037621204,0.9855072463768116,3,2,2
30,CCCSSCCC(C)C,178.084992576,0.967391304347826,48,12,12
31,C=C(C)C(=O)Oc1cc(Cl)c(Cl)cc1Cl,263.951162504,0.947463768115942,1,1,1
32,CCCCCCCCOC(=O)CCCC(=O)OCC(F)(F)F,326.17049394000003,0.9981884057971014,1,1,1
33,Oc1ccc(C(O)(C(F)(F)F)C(F)(F)F)c(O)c1,276.022113372,0.9166666666666666,99999,2,99999
34,CCCCCCOC(=O)c1ccccc1C(=O)O[Si](C)(C)C(C)(C)C,364.206986034,0.9583333333333334,5,2,2
35,CC/C=C\C/C=C\C/C=C\C/C=C\C/C=C\C/C=C\CCC(=O)O[Si](C)(C)C(C)(C)C,442.32670724199994,0.9402173913043478,10,2,2
36,CCCCCCCCCCCCN(C(=O)c1cccc2ccccc12)C(C)CC,395.318814932,0.9710144927536232,11,2,1
37,CCCCC/C=C\CCOC(=O)CCCC(=O)OCCCCCCCCCCC,410.339609952,0.9981884057971014,1,1,1
38,CCCCCC(C)N(C(=O)Cc1ccccc1)C(C)CC,289.240564612,0.9891304347826086,3,2,2
39,CCCCCCCCCCCO[Si](C)(C)OCCCC(C)C,330.29540711399994,0.9909420289855072,4,1,1
40,CCCCOC(=O)CCCC(=O)OCCc1ccc(F)cc1,310.15803743600003,0.9764492753623188,4,2,2
41,CCCOC(=O)c1ccc(OC(=O)C(F)(F)F)cc1,276.06094349200004,0.9365942028985508,48,7,4
42,C/C=C/CO[Si](OC/C=C/C)(c1ccccc1)c1ccccc1,324.154556538,0.9329710144927537,52,9,9
43,O=C(Oc1ccc2oc(-c3ccccc3)cc(=O)c2c1)C(F)(F)C(F)(F)F,384.04209986800004,0.9565217391304348,4,3,3
44,NCCc1ccccc1,121.08914935199999,0.9836956521739131,1,1,1
45,CCC(OC(=O)CCCC(=O)Oc1ccc(C#N)cc1)C(C)C,317.162708216,0.9855072463768116,1,1,1
46,CCCCCCCCCCCO[Si](CC)(CC)Oc1ccc(C(C)=O)cc1,392.2746716699999,0.8931159420289855,65,10,7
47,CCCOC(=O)c1ccccc1C(=O)OC,222.089208928,0.9746376811594203,2,1,1
48,COc1cc2occ(-c3ccccc3)c(=O)c2cc1OC,282.089208928,0.9637681159420289,10,7,6
49,CCO[Si](OC)(OC)OCC,180.081785522,0.8097826086956522,270,1104,17
50,CC(=O)OCc1ccc(OC(F)(F)F)cc1,234.050378808,0.9384057971014492,1,1,1
51,C=CCCOC(=O)NC(C(=O)OCCCCC)C1CCCCC1,325.225308472,0.980072463768116,3,1,1
52,C=C(C)C1CCC(C)(O)CC1,154.135765196,0.9510869565217391,27,17,17
53,COC(=O)Nc1ccc(C(=O)O)cc1,195.053157768,0.8623188405797102,43,14,13
54,CCCCCCO[Si](C)(C)Oc1ccc(CC)cc1,280.185856666,0.9782608695652174,5,3,3
55,CCCCCOC(=O)CCCCC(=O)OCC(F)(F)C(F)(F)C(F)(F)C(F)F,430.139034944,0.9945652173913043,1,1,1
56,CCCCCCCCCOC(=O)c1cccc(C(=O)OCC(CC)CCCC)n1,405.28790872800005,0.9855072463768116,37,9,9
57,CCCCCCCCCCCCCCCOC(=O)CCC(=O)OCCc1ccccc1Cl,466.28498753599996,0.9891304347826086,13,4,4
58,O=[N+]([O-])c1ccc2ccc3ccccc3c2c1,223.063328528,0.9873188405797102,2,4,2
59,CCCCCCCCCCCOC(=O)CCC(=O)OCCc1ccccc1F,394.25193782,0.9945652173913043,1,1,1
60,CCCCCC(C)N(CCC)C(=O)CC(C)CC(C)(C)C,297.303164868,0.9601449275362319,103,27,12
61,CCCCCCCCCCCCN(Cc1ccccc1)C(=O)C1CC1c1ccccc1,419.318814932,1.0,1,1,1
62,CC(C)CCCOC(=O)C1CCN(C(=O)c2ccc(F)cc2C(F)(F)F)CC1,403.17705654,0.9746376811594203,15,5,5
63,CCCCOC(=O)CCC(=O)OCc1ccc(I)cc1,390.032807088,0.9981884057971014,1,1,1
64,COc1c(F)c(F)cc(C(=O)Oc2cc(C)cc(C)c2)c1F,310.081678936,0.9619565217391305,5,3,3
65,CCCCCCCCCCCCCCCCCCCCN(C)C,325.370850504,0.947463768115942,1,1,1
66,CCC(=O)OC/C=C(/C)CCC=C(C)C,210.161979944,0.9583333333333334,5,1,1
67,COc1ccccc1COCC(C)C,194.130679816,0.967391304347826,5,1,1
68,CCCCCCCCCCCCCCCCO[Si](CC)(CC)OC(CCC)CCCC,456.43625768999993,1.0,1,1,1
69,CCCCOCCOCCOC(=O)C(F)(F)C(F)(F)F,308.10470012400003,0.980072463768116,1,1,1
70,COc1ccc(OC(=O)c2ccccc2OC)cc1,258.089208928,0.9565217391304348,3,1,1
71,C=CCCOC(=O)c1ccc(C(=O)OCCC)cc1,262.120509056,0.9891304347826086,1,1,1
72,CCCCCCCCCCCOC(=O)CCC(=O)OCCc1ccc(Cl)cc1,410.22238728,0.9909420289855072,5,2,2
73,C=C(C)C(=O)CC,98.07316494,0.9547101449275363,20,9,9
74,CCCCCCCCCCCOC(=O)c1ccccc1C(=O)OCc1ccccc1OC,440.2562742519999,0.9981884057971014,99999,1,99999
75,CC(C)CCCOC(=O)CCCCCCCCC(=O)OC/C=C/c1ccccc1,402.277009696,0.980072463768116,5,2,2
76,CCCCCCCCCCCCCCCCC(=O)OCCC,312.30283052,0.9655797101449275,58,12,12
77,CCCOC(=O)c1cccc(C(=O)Oc2c(OC)cccc2OC)c1,344.12598836,0.9746376811594203,7,1,1
78,CCCCCCOC(=O)c1cccc(C(=O)OCC(C)CC)n1,321.19400834400005,0.9891304347826086,3,2,2
79,CCC1(C(C)CC(C)O)C(=O)NC(=O)NC1=O,242.126657056,0.8097826086956522,3412,895,109
80,CC(=O)Oc1cc(C)cc2c1C(=O)c1ccccc1C2=O,280.073558864,0.9438405797101449,2,1,1
81,CCCCCCCCCCCCCCOC(=O)CCCCC(=O)OCC(F)(F)C(F)(F)C(F)(F)C(F)F,556.2798855199999,1.0,1,1,1
82,CCCCC(CC)COC(=O)CCCC(=O)Oc1ccccc1F,338.189337564,0.9873188405797102,1,1,1
83,CCN(CC)C(=O)c1ccc(O)c(OC)c1,223.120843404,0.8967391304347826,2,1,1
84,O=C(N(c1ccc(Cl)cc1[N+](=O)[O-])C1CCCCC1)C(F)(F)C(F)(F)C(F)(F)F,450.05811752799997,0.7608695652173914,111,2,1
85,CCOCc1ccc(O[Si](C)(C)C)c(OC)c1,254.133821094,0.9221014492753623,63,13,12
86,CC(C)(C)[Si](C)(C)Oc1ccc2c(c1)C(=O)c1ccccc1-2,310.13890647399995,0.9148550724637681,4,2,1
87,CCCCc1ccc(N[Si](C)(C)C(C)(C)C)cc1,263.206926458,0.822463768115942,340,50,22
88,CCCCCCCCOC(=O)CCCCCCCCC(=O)OCCC(C)CC,398.33960995199993,0.9981884057971014,1,1,1
89,CCCCCCCCCCCCCCCCCCCCCCCO[Si](C)(C)C,412.410042942,0.9891304347826086,5,2,2
90,CC(C)COC(=O)CCCCCCCCC(=O)OCCc1ccc(Cl)cc1Cl,430.167764864,0.9601449275362319,48,4,4
91,CCC(OC(=O)/C=C/C(=O)OCCCCCCCCCl)c1ccccc1,380.175437088,0.9818840579710145,1,1,1
92,O=C(CCCC(=O)Oc1cccc2ccccc12)Oc1cccc(Cl)c1,368.08153670400003,0.9836956521739131,2,2,2
93,COc1ccc2oc(=O)cc(O[Si](C)(C)C(C)(C)C)c2c1,306.128735714,0.8731884057971014,109,32,8
94,O=c1[nH]c2ccccc2c(=O)o1,163.02694302,0.8242753623188406,843,257,48
95,CCCCCCCCCOC(=O)C(NC(=O)c1cccc(Br)c1)C(C)C,425.15655598399997,0.9909420289855072,1,1,1
96,CCCCCCCCCCCCCOC(=O)C1CCCCN1C(=O)OCCCC,411.33485892,0.9746376811594203,1,1,1
97,ClCCCCCCCCO[Si](OCCCCCCCCCl)(c1ccccc1)c1ccccc1,508.233112474,0.9492753623188406,2,1,1
98,C=C[Si](C)(OCCCCC)OCCCCCCCCCCCCCCCCCC,426.38930749799994,0.9891304347826086,99999,1,99999
99,CC(C)(C)c1cc(C=O)c(OC(=O)C(F)(F)C(F)(F)F)c(C(C)(C)C)c1,380.141085632,0.907608695652174,42,6,4
100,C=C/C(C)=C/C(=O)CC(C)C,152.120115132,0.9293478260869565,347,66,56
101,CC(COP(=O)(OCC(C)CC(C)(C)C)c1ccccc1)CC(C)(C)C,382.263681738,0.9402173913043478,8,5,1
102,CCCCCCCCCCCCN(C(C)=O)C(C)CC,283.287514804,0.9764492753623188,41,9,9
103,Cc1no[n+]([O-])c1CCl,148.00395508,0.9311594202898551,1,1,1
104,C#CC1(O[Si](C)(C)C)CCC2C3CCc4cc(OC5CCCC5)ccc4C3CCC21C,436.27975704999994,0.8188405797101449,302,15,8
105,CCOCCOCCOC(C)=O,176.104858992,0.967391304347826,4,1,1
106,CCCc1ccccc1OC(=O)C(F)(F)Cl,248.041563712,0.8822463768115942,65,12,8
107,CC1C2CC3CC1CC(C)(C3)C2,164.15650064,0.9492753623188406,146,39,39
108,CC(C)CCO[Si](C)(C)C,160.12834178999998,0.9818840579710145,2,1,1
109,C=CCC(C=C)O[Si](C)(C)C(C)(C)C,212.15964191799998,0.947463768115942,6,1,1
110,OCCCCCCCCCCCCO,202.193280072,0.9836956521739131,1,1,1
111,CCc1cc2c(-c3ccccc3)cc(=O)oc2cc1OC(C)=O,308.10485899199995,0.9510869565217391,1,1,1
112,CCOC(=O)CCC(=O)Oc1ccc(-c2ccccc2)cc1,298.120509056,0.9873188405797102,1,1,1
113,COCC(C(=O)OC)N(C)C(=O)C(F)(F)F,243.071842524,0.8967391304347826,7,1,1
114,Cc1c(C)c2ccccc2c2ccccc12,206.109550448,0.9764492753623188,36,14,14
115,CCCCCCOC(=O)C1CCCCC1C(=O)OC1CC(C)CC(C)C1,366.277009696,0.9873188405797102,2,1,1
116,COc1ccccc1OC(=O)CCC(=O)OCC(Cl)Cl,320.021828908,0.9746376811594203,1,1,1
117,CC(=O)Oc1cc(Cl)ccc1Cl,203.974484792,0.9963768115942029,1,1,1
118,CCCCCCCCCCCCCCCCCCCOC(=O)CCC(=O)OCCC(C)CC,468.417860272,1.0,1,1,1
119,Cc1ccc(S(=O)(=O)Oc2ccc(Cl)cc2Cl)cc1,315.97277054,0.9728260869565217,2,2,2
120,CCCC(OC(=O)CCC(=O)OCC1(CC)COCOC1)C(C)C,344.219888744,0.9601449275362319,1,1,1
121,C[Si](C)(C)OC(=O)c1ccccc1C(=O)O[Si](C)(C)C,310.10566224400003,0.9456521739130435,7,3,3
122,O=NN(c1ccccc1)c1ccccc1,198.07931294,0.9655797101449275,2,1,1
123,CCCOC(=O)C(NC(=O)c1cccc(C(F)(F)F)c1F)C(C)C,349.130106348,0.9510869565217391,17,4,3
124,O=NN1CC=CCC1c1cccnc1,189.090211972,0.8134057971014492,1541,430,254
125,CCCCCCCCCCCCCCCCOC(=O)CCCCCCCCC(=O)OCCC,468.417860272,0.9981884057971014,1,1,1
126,C=CC[Si](C)(C)Oc1ccccc1,192.09704166199998,0.9166666666666666,135,26,16
127,C=C[Si](C)(OCCCCCCCCCCCCCCCCCC)OC(C)CC(C)(C)C,454.420607626,0.9909420289855072,16,4,4
128,CCCCCCCCCOC(=O)C1CCCCN1C(=O)OCCCCCCCC,411.33485892,0.9855072463768116,1,1,1
129,CCCCCCCCCCCCCCCCCC(=O)NCCCCCC,367.381415188,0.9981884057971014,1,1,1
130,CCCCCOP(=O)(OCC(C)CCC)c1ccccc1,312.185431418,0.9601449275362319,6,2,2
131,CCCCCC(C)NC(=O)CCCCCl,233.154642068,0.9692028985507246,1,1,1
132,COc1ccc2c(OC(=O)C(F)(F)Cl)c(-c3ccccc3)c(=O)oc2c1,380.026307572,0.9655797101449275,1,1,1
133,CCCCCCOC(=O)CCCCCCCCC(=O)OCc1ccccc1I,502.1580076,0.9945652173913043,3,2,2
134,OC1Cc2ccccc2Nc2ccccc21,211.099714036,0.8333333333333334,2150,531,296
135,CC(C)Oc1ccccc1OC(=O)c1ccc(Br)cc1,334.02045644000003,0.9293478260869565,174,14,10
136,CCCC(CCC)OC(=O)CCC(=O)OCC(F)(F)C(F)(F)C(F)(F)C(F)F,430.139034944,0.9710144927536232,5,2,2
137,Cc1c(COC=O)cccc1[N+](=O)[O-],195.053157768,0.9257246376811594,2,1,1
138,CCCCCCCOC(=O)CCCCCC(=O)OCC(C)CC,328.261359632,0.9927536231884058,1,1,1
139,CCCCCCCCCCCOC(=O)CCCC(=O)Oc1c(OC)cccc1OC,422.26683893599994,0.9981884057971014,1,1,1
140,Nc1cc(Cl)c(Cl)cc1Cl,194.940932168,0.967391304347826,8,3,3
141,CCCCCCCCC(C)OC(=O)CCCCCCCCC(=O)OCCCCC,412.35526001599993,0.9909420289855072,4,1,1
142,CCCCCCCCCCCCOC(=O)CCCC(=O)Oc1cccc(Cl)c1,410.22238728,0.9981884057971014,1,1,1
143,CC(C)(C)[Si](C)(C)Oc1c([N+](=O)[O-])cc(Cl)c2cccnc12,338.08534667800006,0.8514492753623188,1,1,1
144,CCOC(=O)CCCC(=O)NC12CC3CC(CC(C3)C1)C2,293.199093724,0.9710144927536232,1,1,1
145,CCCCOC(=O)c1ccc(C(=O)OC(c2ccccc2)C(F)(F)F)cc1,380.12354374800003,0.9456521739130435,11,5,4
146,CCCCCCCCCCOC(=O)c1ccccc1C(=O)OCC(C)Cl,382.19108715199997,0.9818840579710145,5,1,1
147,CCCCCCCCCOC(=O)CCCC(=O)OCc1ccc(F)c(F)c1,384.21121588,0.9945652173913043,99999,2,99999
148,CCCCCCCCCCCCCCOC(=O)c1ccc(C(=O)OC(C)C(C)C)cc1,432.32395988799993,0.9891304347826086,14,4,4
149,CC(C)c1ccccc1OC(=O)/C=C/C(=O)OCC(F)(F)C(F)F,348.098471872,0.9039855072463768,4,1,1
150,O=C(OCCc1ccccc1)c1ccncc1,227.094628656,0.7934782608695652,7524,1547,703
151,CCCCCCCCCCO[Si](OC(CC)CCC)(c1ccccc1)c1ccccc1,440.31105717799994,0.9927536231884058,1,1,1
152,O=C(Oc1ccc2c(=O)c(-c3ccccc3)coc2c1)C(F)(F)F,334.04529342800004,0.9728260869565217,1,1,1
153,CCCC(C)COC(=O)CCCC(=O)Oc1ccccc1F,310.15803743600003,0.9836956521739131,1,1,1
154,O=[N+]([O-])c1cc(Br)cc(Oc2ccccc2)c1,292.968755216,0.894927536231884,318,61,10
155,COc1cccc([N+](=O)[O-])c1,153.042593084,0.9927536231884058,1,1,1
156,CCOC(=O)C(C)(C)C(=O)OCC(C)(C)C,230.151809184,0.9655797101449275,6,1,1
157,COc1ccc(C)cc1,122.07316494,0.9873188405797102,2,2,2
158,CCCCCCCCC/C=C/COC(=O)CCCC(=O)Oc1cccc(C(F)(F)F)c1F,460.223672384,0.875,218,16,3
159,C#CCCOC(=O)NC(C(=O)OCCCCC)C1CCCCC1,323.209658408,0.9728260869565217,10,3,3
160,CC(C)=CCOC(=O)C(C)(C)C,170.130679816,0.9311594202898551,2,1,1
161,CCCCCCCCCCCCCCCOC(=O)c1ccc(C(=O)OCC(F)(F)C(F)(F)F)cc1,508.26120076399997,1.0,1,1,1
162,COc1ccc(CCNC(=O)CCCC(=O)OCCCC(C)C)cc1,349.225308472,0.9148550724637681,5,2,2
163,CC(C)CCCOC(=O)c1ccc(C(=O)OC(C)CC(C)C)cc1,334.21440944,0.9891304347826086,2,2,2
164,CCCCCCCCCC(=O)CC(=O)/C=C/c1ccc(O)c(OC)c1,346.21440943999994,0.9039855072463768,2,1,1
165,CC(C)CC(C)Cc1ccccc1,176.15650064,0.9365942028985508,1,1,1
166,C=C[Si](C)(OCC(C)C)O[Si](C)(C=C)OC(C)CCC,316.188997944,0.9909420289855072,1,1,1
167,COC(=O)c1ccc(OC)nc1,167.058243148,0.8278985507246377,99999,438,99999
168,CC(C)C(OC(=O)c1ccccc1C(=O)OC(C(C)C)C(C)C)C(C)C,362.245709568,0.9764492753623188,3,2,2
169,CC[Si](CC)(OCCC(C)C)OCCC(C)C,260.217156794,0.9547101449275363,73,18,18
170,CCCC/C=C/C(=O)OC(C)/C=C/CCCC,238.193280072,0.9057971014492754,99999,1,99999
171,CCCCCCCCN(Cc1ccccc1)C(=O)C(CC)CCCC,345.303164868,0.9818840579710145,13,7,7
172,CC(=O)Nc1ccc(OC(C)=O)c2c1C(=O)c1ccccc1C2=O,323.079372516,0.8731884057971014,1,1,1
173,CCCCCCCCOC(=O)C1CCN(C(=O)c2ccccc2OC)CC1,375.240958536,0.9202898550724637,4,2,2
174,O=C(CCCCBr)OC/C=C/Cl,253.970919404,0.8206521739130435,1670,255,184
175,Cc1nn(C)cc1/C=N/O,139.074561908,0.9583333333333334,3,1,1
176,N#CCBr,118.937061164,0.9728260869565217,7,4,3
177,C=C(C)C#CC(CC(C)C)OC(=O)CSc1ccccc1,302.13405094399997,0.8442028985507246,265,63,20
178,NCC1COCCO1,117.078978592,0.8731884057971014,985,226,157
179,C=CCC(NC(=O)OCCCCCC)C(=O)OCCCCCC,327.240958536,0.9855072463768116,1,1,1
180,Oc1ccc2cccc(Cl)c2n1,179.013791492,0.9601449275362319,1,1,1
181,CC1SSC(C)S1,151.978813256,0.947463768115942,69,16,13
182,CC(=O)C(C)O[Si](OCCCC(C)C)(c1ccccc1)c1ccccc1,370.19642135,0.9528985507246377,131,27,27
183,CCCCCCCCCCCCCCOCCCOCC,300.30283052,0.9836956521739131,1,1,1
184,CCCCCCCCCCCOC(=O)C1CCN(C(=O)c2cc(F)ccc2C(F)(F)F)CC1,473.25530686,0.9927536231884058,1,1,1
185,CCCCC/C=C\C/C=C\C/C=C\CCCCCCC(=O)O[Si](C)(C)C,378.295407114,0.9891304347826086,1,1,1
186,CCCCCCCC/C=C\CCCCCCCCCCCCCCCC(=O)CC(C)=O,434.4123809679999,0.947463768115942,1,1,1
187,CNC(COC)C(=O)OC,147.089543276,0.9384057971014492,5,2,2
188,CCCCCCCOC(=O)c1ccccc1C(=O)OCc1cccc(Oc2ccccc2)c1,446.20932406,0.9855072463768116,1,1,1
189,CC1=CC(=O)C(C(C)C)=CC1=O,164.083729624,0.9420289855072463,27,7,6
190,COc1cc(Cl)ccc1OC(=O)CCC(=O)OC(C)C(C)C,328.107751452,0.9818840579710145,1,1,1
191,CCC(C)CCOC(=O)c1cccc(C(=O)OCC(C)C)c1,306.183109312,0.980072463768116,17,7,7
192,CCCCCCCOC(=O)c1ccccc1C(=O)OCc1ccc([N+](=O)[O-])cc1,399.16818752,0.9963768115942029,99999,1,99999
193,COc1ccc(Cl)cc1NC(=O)/C=C/C(=O)OCc1c(F)c(F)c(F)c(F)c1F,435.02967661200006,0.7083333333333334,5088,555,171
194,C[Si](C)(C)OCCNC(=O)C(F)(F)F,229.074589878,0.8931159420289855,3,1,1
195,CN1C2CCC1CC(O[Si](C)(C)C)C2,213.154890886,0.9202898550724637,3,1,1
196,CCCCCCCCCCCCCCCCC(=O)O[Si](C)(C)C(C)(C)C,384.342357306,0.967391304347826,1,1,1
197,C#CC(C)OC(=O)CCC(=O)OCC/C=C/CC,252.13615912,0.9818840579710145,5,1,1
198,CC(C)COCc1ccc(C(F)(F)F)cc1,232.10749976,0.9782608695652174,1,1,1
199,COc1cccc(C(=O)N2CCCC2C(=O)OCCCC(C)C)c1,333.194008344,0.9547101449275363,4,2,2
200,Cc1ccc(Cl)c(OC(=O)CCCC(=O)OCc2ccc3ccccc3c2)c1,396.112836832,0.894927536231884,13,5,4
201,CCCCCCOC(=O)CCCCCC(=O)Oc1cccc2ccccc12,370.21440944,0.9728260869565217,10,5,5
202,C[Si](C)(C)OCC(O[Si](C)(C)C)C1OC(=O)C(O[Si](C)(C)C)=C1O[Si](C)(C)C,464.19019512,0.8478260869565217,258,19,5
203,CC(C)(C)C(=O)Oc1c(Cl)cc(Cl)cc1C(=O)c1ccccc1Br,427.9581618,0.8985507246376812,1,1,1
204,C[Si](C)(C)OC(=O)Cn1ccc2ccccc21,247.102855314,0.8242753623188406,172,43,8
205,Cc1cccnc1,93.057849224,0.9637681159420289,8,3,3
206,CCCCCCCCCCCCOC(=O)C1CCCN1C(=O)c1c(F)ccc(C)c1F,437.274150484,0.9909420289855072,1,1,1
207,CCCCCCOC(=O)c1cccc(C(=O)OCCC(CCCC)CCOC)n1,407.267173284,0.9909420289855072,4,3,3
208,CCCCCCCCCCCCOC(=O)CCC(=O)OC(C)CCC(C)C,384.323959888,0.9963768115942029,1,1,1
209,O=P(OCCCl)(OCCCl)OCCCl,283.95387853399995,0.967391304347826,1,1,1
210,CCCCCCCOC(=O)CCCCCCCCC(=O)OCc1cc(Cl)ccc1Cl,458.199064992,0.9981884057971014,1,1,1
211,Oc1c(Cl)cc(Cl)cc1Cl,195.924947756,0.9836956521739131,1,1,1
212,C=C[Si](C)(OCCC)O[Si](C)(C=C)OC(C)C1CCCCC1,342.204648008,0.9565217391304348,74,21,20
213,CC(C)C(C)OC(=O)CCCC(=O)OC(C)C(F)(F)F,298.13919381200003,0.9728260869565217,9,3,3
214,CCCCCCCCCCCCCO[Si](C)(C)Oc1ccccc1C,364.27975704999994,0.9130434782608695,10,2,2
215,CO/N=C\C(O[Si](C)(C)C)C(O[Si](C)(C)C)C(O[Si](C)(C)C)C(CO[Si](C)(C)C)O[Si](C)(C)C,569.2875711299998,0.9927536231884058,1,1,1
216,CCCCCOC(=O)CCCCC(=O)Oc1cccc(CC)c1,320.198759376,0.9927536231884058,1,1,1
217,CC(C)[C@H](C)CC[C@@H](C)[C@H]1CC[C@H]2[C@@H]3CC=C4CC(O[Si](C)(C)C)CC[C@]4(C)[C@H]3CC[C@@]21C,472.410042942,0.9384057971014492,99999,3,99999
218,CCCCCC(CC)OC(=O)CCCC(=O)Oc1cccc(Cl)c1,354.159787024,0.9855072463768116,2,2,2
219,CCCCCCCCCCN(C)C(=O)Cc1cccs1,295.19698554800004,0.9438405797101449,1,1,1
220,CCCCCCOC(=O)C1CCCN1C(=O)C1CCCCC1,309.230393852,0.9855072463768116,1,1,1
221,CCCCCCCCCCCCCCCCCCCCOC(=O)CCCCC(=O)OCCC(C)CC,510.4648104639999,0.9963768115942029,1,1,1
222,CC(C)(C)C(=O)Oc1ccc2ncccc2c1,229.11027872,0.9492753623188406,2,2,2
223,CC(C)=CCC/C(C)=C/CC/C(C)=C/CO[Si](C)(C)C(C)(C)C,336.28484242999997,0.9583333333333334,2,1,1
224,COc1cc(/C=C/C(=O)O[Si](C)(C)C)cc(OC)c1O[Si](C)(C)C,368.147527056,0.9130434782608695,1,1,1
225,COc1ccc(OS(C)(=O)=O)c(C(C)(C)C)c1,258.09258005600003,0.9293478260869565,7,1,1
226,CCCCCCCCCOC(=O)CCCCCC(=O)OCCC(C)C,356.29265976,1.0,1,1,1
227,COC(=O)CN(C(=O)c1ccccc1)C(=O)C(F)(F)Cl,305.02664192,0.7934782608695652,9247,991,175
228,CCCCCOC(=O)C1CCN(C(=O)OC)CC1,257.162708216,0.980072463768116,1,1,1
229,CCCCCCCCCCC#CCOC(=O)CCCC(=O)Oc1ccccc1OC(C)C,444.2875743799999,0.9384057971014492,1,1,1
230,C=CCCOC(=O)NC(C(=O)OCCC=C)C1CCCCC1,309.194008344,0.9655797101449275,1,1,1
231,CCCCCCCOC(=O)CN(C)C(=O)c1cccc(OC)c1,321.194008344,0.9384057971014492,1,1,1
232,O=C(Nc1ccc(Br)cc1)C12CC3CC(CC(C3)C1)C2,333.07282636,0.8079710144927537,19,2,2
233,CCCCCCCCCCCCCCO[Si](C)(C)OCc1c(F)c(F)c(F)c(F)c1F,468.248298054,0.9221014492753623,96,10,2
234,CCCCCCCCCCCC(=O)OCC(F)(F)C(F)(F)C(F)(F)C(F)F,414.180505832,0.9764492753623188,1,1,1
235,CCCCCCC(O[Si](C)(C)C)C(=O)O[Si](C)(C)C,304.188997944,0.947463768115942,6,2,2
236,CC(C)(C)c1ccc(C(C)(C)C)c(N[Si](C)(C)C)c1,277.222576522,0.8804347826086957,25,2,2
237,CCCCCCCCCCCOC(=O)c1ccccc1C(=O)Oc1ccccc1CCC,438.27700969599994,0.9891304347826086,1,1,1
238,COc1ccc(Br)nc1Br,264.87378798000003,0.9003623188405797,99999,3,99999
239,CCCCCCCCCCN(CCCCCCCCCC)C(=O)C(F)(F)C(F)(F)C(F)(F)F,493.3154625039999,0.9420289855072463,1,1,1
240,Cc1cccc(C)c1O[Si](C)(C)C(C)(C)C,236.15964191799998,0.9764492753623188,7,4,4
241,CC(C)COC(=O)c1ccc(C(=O)OCc2cc(F)c(F)c(F)c2)cc1,366.10789368400003,0.9655797101449275,99999,4,99999
242,COc1ccc(COC(=O)CCCC(=O)OCc2ccc(OC)cc2)cc1,372.157288488,0.9619565217391305,1,1,1
243,CC1=CC=CC1,80.062600256,0.9746376811594203,15,6,6
244,CCCCCCCCCCCCO[Si](OCCF)(c1ccccc1)c1ccccc1,430.270335238,0.9981884057971014,1,1,1
245,CCCCCCCCCOC(=O)CCC(=O)OC(C)CC(C)(C)C,342.277009696,0.9945652173913043,1,1,1
246,CCCC(OC(=O)CCCCCCCCC(=O)OCc1ccc(Cl)cc1OC)C(C)C,454.248602028,0.9202898550724637,9,1,1
247,CCCCn1cc(C(=O)c2cccc3ccccc23)c2ccccc21,327.162314292,0.9746376811594203,2,1,1
248,C/C=C/COC(=O)CCCCCCCCC(=O)OCCCCCCCCCCCCC,438.37091008,0.9746376811594203,1,1,1
249,CC(C)(C)[Si](C)(C)OCC(C(=O)O[Si](C)(C)C(C)(C)C)c1ccccc1,394.235948136,0.9347826086956522,1,1,1
250,CC(C)(C)[Si](C)(C)NCCCC(=O)O[Si](C)(C)C(C)(C)C,331.236282484,0.9202898550724637,11,8,8
251,CC(C)(C)[Si](C)(C)OC(=O)CCCCCCCCCCC(=O)O[Si](C)(C)C(C)(C)C,458.3247631399999,0.9221014492753623,1,1,1
252,O=C(CCCC(=O)Oc1cc(Cl)ccc1Cl)OCC(F)(F)C(F)F,390.004877104,1.0,1,1,1
253,CCCC(C)OC(=O)/C=C/C(=O)Nc1ccccc1CC,289.167793596,0.9510869565217391,10,4,4
254,CC(C)=CCOC(=O)c1ccc(Cl)cc1,224.060407336,0.9637681159420289,2,2,2
255,O=C(CCC(=O)Oc1ccccc1Cl)OCc1c(F)c(F)c(F)c(F)c1F,408.01877758,0.9510869565217391,7,3,2
256,CC(C)COC(=O)c1ccccc1C(=O)OC(C)CC(C)C,306.183109312,0.9692028985507246,59,19,19
257,CCC(C)COC(=O)CCCC(=O)OC(CC)C(C)C,286.21440944,0.9927536231884058,3,2,2
258,O=[N+]([O-])c1cc(Br)cc(Oc2ccccc2)c1,292.968755216,0.894927536231884,318,61,10
259,COC(=O)C1(C#N)C(c2ccc([N+](=O)[O-])cc2)C1(C(=O)OC)C(=O)OC,362.0750154079999,0.8442028985507246,102,12,5
260,COc1ccc(OC(=O)c2cc(F)ccc2F)c(C(C)c2ccccc2)c1,368.122400876,0.9547101449275363,2,2,2
261,CCCCCCCCCCCCO[Si](CC)(CC)OCC(C)C,344.31105717799994,0.9692028985507246,118,28,26
262,Cc1ccccc1OC(=O)CCCCCC(=O)OC(C)CC(C)C,334.21440944,0.9818840579710145,1,1,1
263,BrCCCCCCCBr,255.946224648,0.9601449275362319,10,1,1
264,CCCCCCOC(=O)CN(C)C(=O)OC,231.147058152,0.9637681159420289,5,2,2
265,C=CCC(C)OC(=O)CCCCCCCCC(=O)OCCC,312.230059504,0.9655797101449275,2,1,1
266,COC(C(=O)OC1CC2CCC(C1)N2C)c1ccccc1,289.167793596,0.9329710144927537,2,1,1
267,CC(OC(=O)CCCC(=O)Oc1cccc(C(F)(F)F)c1F)C(F)(F)F,390.07020643600003,0.9782608695652174,3,1,1
268,CCCCCCCCCCCCCCOC(=O)CCC(=O)OC(C)CCCC(C)C,426.37091007999993,0.9927536231884058,9,3,3
269,O=C(O)/C=C/c1ccccc1,148.052429496,0.9782608695652174,1,1,1
270,C/C=C(\C)C(=O)OC1CCN2CC3CC(CN4C(=O)CCCC34)C2C1,346.22564282,0.8858695652173914,2,1,1
271,CC(C)(C)c1ccc(O[Si](C)(C)C)c(N)c1,237.15489088599998,0.9347826086956522,1,1,1
272,CCCCCCCCCCOC(=O)CCCCCC(=O)Oc1ccccc1Cl,410.22238728,0.9945652173913043,7,2,2
273,ClCc1ccc(CCl)cc1,174.000305616,0.9692028985507246,23,7,7
274,CCCCCCCCCCOC(=O)c1ccccc1C(=O)OC(CCC)CCC,404.29265975999994,0.9963768115942029,12,4,4
275,C=C(C)c1cc2c(ccc3ccc(=O)oc32)o1,226.06299418,0.8496376811594203,441,131,78
276,C=CCOC(=O)C1CCCCC1C(=O)OCCCC,268.167459248,0.9855072463768116,3,1,1
277,C[Si](C)(C)Nc1nc(O[Si](C)(C)C)c2nc(O[Si](C)(C)C)cnc2n1,395.1629047580001,0.8387681159420289,1,1,1
278,CCCCCCCCC(CCC)OC(=O)c1ccc(F)cc1F,326.205736576,0.9945652173913043,1,1,1
279,CC(C)CCCOC(=O)CCCC(=O)Oc1cccc2ccccc12,342.183109312,0.9945652173913043,1,1,1
280,C=CCc1cc(C(C)(C)c2ccc(OC(=O)C(F)(F)C(F)(F)C(F)(F)F)c(CC=C)c2)ccc1OC(=O)C(F)(F)C(F)(F)C(F)(F)F,700.129454264,0.8206521739130435,8,1,1
281,CCOC(=O)c1ncn2c1CN(C)C(=O)c1cc(F)ccc1-2,303.101919528,0.7409420289855072,4492,946,404
282,C=CCCO[Si](OCCCCCCCCCC)(c1ccccc1)c1ccccc1,410.264106986,0.9873188405797102,6,2,2
283,CCCCCC(C)N(CCC)C(=O)c1cccs1,267.16568542,0.980072463768116,13,6,5
284,CCCCCCCCCCCCCC(=O)CC(=O)c1ccccc1,330.255880328,0.9655797101449275,1,1,1
285,CCCCCCCCCCCCOC(=O)CCCCCCCCC(=O)OC(CC)CCCC,468.417860272,0.9981884057971014,1,1,1
286,CCOc1ccc(C(=O)c2ccccc2)c(OC(=O)C(F)(F)F)c1,338.07659355600003,0.9166666666666666,3,1,1
287,CCCCCCCCCCCCCCOC(=O)CCC(=O)OCc1cc(F)c(F)c(F)c1F,476.25497251199994,0.9963768115942029,1,1,1
288,CCCC#CCC(CC)O[Si](C)(C)OCCC,256.185856666,0.9528985507246377,4,1,1
289,CCCCCCCOC(=O)CCC(=O)OCc1cccc(Br)c1,384.09362138000006,0.9945652173913043,1,1,1
290,COCCCCl,108.034192588,0.9619565217391305,4,2,2
291,CCCCCCCCCCCCOC(=O)CCC(=O)Oc1cc(Cl)cc(Cl)c1Cl,464.128792512,0.9963768115942029,12,2,2
292,CCC(OC(=O)CCCC(=O)OCC(F)(F)C(F)(F)F)C(C)C,348.13600025200003,0.9528985507246377,4,2,1
293,OCCSCCCSCCO,196.059171752,0.9601449275362319,1,1,1
294,CC(C)CN(Cc1ccccc1)C(=O)/C=C/c1cccc(C(F)(F)F)c1,361.165348984,0.9384057971014492,4,1,1
295,CCCCCCCCCCCO[Si](CC)(CC)Oc1ccc(F)cc1Br,446.165197242,0.9094202898550725,51,4,3
296,CCCOC(=O)C1CCCN1C(=O)c1cccc(F)c1,279.127071656,0.9728260869565217,24,3,3
297,C#CCCCCCCCCC(=O)OCCCCCCCCCCCCCC,378.349780712,0.9909420289855072,1,1,1
298,CCCCCCCCCCCCOC(=O)c1ccc(C(=O)OCC(CC)CC)cc1,418.30830982399993,0.9945652173913043,6,2,2
299,C[Si](C)(Oc1ccc(-c2ccccc2)cc1)O[Si](C)(C)O[Si](C)(C)Oc1ccc(-c2ccccc2)cc1,544.1921392219999,0.9221014492753623,1,1,1
300,CCCCCCCCOC(=O)CN(C)C(=O)CN(C)C(=O)OCC,344.23112212399997,0.9655797101449275,34,12,10
301,CCCCCCCCCCCCCCCCCCCCCCO[Si](C)(C)OCC(C)CC,470.451907754,0.9710144927536232,55,16,15
302,CCCCCC(C)OC(=O)CCCCC(=O)OC(C)CCCCC,342.277009696,0.9818840579710145,3,2,2
303,C#CC(C)OC(=O)CCC(=O)OCC(C)CCC,254.151809184,0.9728260869565217,24,8,8
304,CCCCOC(=O)c1cccc(C(=O)OCCCCCCCl)c1,340.14413696,0.9927536231884058,1,1,1
305,CCCCCCCCCCOC(=O)c1ccc(C(=O)OCCc2ccc(F)cc2)cc1,428.236287756,0.9148550724637681,99999,4,99999
306,CCCCOC(=O)C1CCN(C(=O)c2ccc(C)cc2)CC1,303.18344366,0.9710144927536232,6,4,3
307,C=C(C)CCOC(=O)CCCC(=O)OCCCCCCCCCCCCC,382.308309824,1.0,1,1,1
308,CCCCCCOC(=O)C(C)(C)C(=O)OCCCCCC,300.230059504,0.9909420289855072,2,1,1
309,CN1CCN(CCCN2c3ccccc3Sc3ccc(Cl)cc32)CC1,373.137946448,0.8641304347826086,21,3,2
310,CCOc1cccc(SC(=O)C(C)C)c1,224.087100752,0.8931159420289855,2,2,2
311,C=CCCCCC=C,110.109550448,0.9927536231884058,1,1,1
312,CC(C)Cc1ccc(CC(C)C)s1,196.12857164,0.927536231884058,99999,4,99999
313,CCCCCC(=O)O[Si](C)(C)C,188.12325641,0.947463768115942,36,8,8
314,CCNc1ccc(S(=O)(=O)NCC)cc1,228.093248752,0.8985507246376812,3,1,1
315,CCCCCCCOC(=O)CCCCCC(=O)OCc1ccc(OC)cc1,378.24062418799997,0.9891304347826086,5,1,1
316,CC/C=C\CC,84.093900384,0.9456521739130435,389,74,71
317,CCCCCCCCCCCOC(=O)c1cccc(C(=O)Oc2cccc(Cl)c2)c1,430.19108715199997,0.9637681159420289,11,7,1
318,CCCC/C=C/C(C)OC(=O)C(C)(C)C,212.177630008,0.8876811594202898,102,15,9
319,C#CCCCCCCCCC(=O)OC/C=C/CCCCCCCC,334.287180456,0.9492753623188406,23,1,1
320,CCC(OC(=O)CCCC(=O)Oc1ccc(F)cc1Br)C(C)C,388.06854950400003,0.9909420289855072,1,1,1
321,CCCCCCCCCCCOC(=O)C(C)(C)C(=O)OCCC(C)C,356.29265976,0.9963768115942029,1,1,1
322,CCCCCCCCCCCCCCCCOC(=O)c1ccccc1C(=O)OCC(C)CC(C)(C)C,502.40221020799993,0.9818840579710145,37,12,12
323,CCCc1ccccc1OC(=O)c1ccccc1C(=O)OCCCC(C)C,368.198759376,0.9891304347826086,2,2,2
324,CCCCCCCCCCOC(=O)CCCCCC(=O)OCC(C)C,356.29265976,0.9981884057971014,3,2,2
325,CCCCOCCOCCOCCOC(=O)c1c(F)c(F)c(F)c(F)c1F,400.13091487200006,0.9836956521739131,2,1,1
326,CCCCCCCCCCCCCCCCCOC(=O)CN(C)C(=O)OC,385.319208856,0.9692028985507246,1,1,1
327,CCCOC(=O)CCCCCCCCC(=O)Oc1ccccc1CCC,362.245709568,1.0,1,1,1
328,CCCCC/C=C/C(=O)O[Si](C)(C)C,214.138906474,0.9057971014492754,48,10,10
329,C#CCCC,68.062600256,0.9655797101449275,86,24,23
330,CC(C)(C)c1ccc(O)c(N)c1,165.1153641,0.8913043478260869,400,114,68
331,CCCCCCCCCCCCCCCOC(=O)CCCC(=O)OC(C)CCCC,426.37091007999993,0.9981884057971014,1,1,1
332,CC(C)(C)c1cc(C(C)(C)C)c(NC(=O)C(F)(F)C(F)(F)C(F)(F)F)c(C(C)(C)C)c1,457.22156212,0.7572463768115942,1814,35,3
333,CCCC/C=C\CCCCCCCCOC(C)=O,254.2245802,0.9891304347826086,3,3,3
334,O=C(Oc1cc(Cl)cc(Cl)c1Cl)C(F)(F)C(F)(F)F,341.904053444,0.9836956521739131,1,1,1
335,C=CCC(NC(=O)OCCCCCCCCCC)C(=O)OCCCCCCC,397.319208856,0.967391304347826,1,1,1
336,C=C[Si](C)(OCCCCCCCCCCC)OCC(C)CCC,342.29540711399994,0.9855072463768116,37,8,6
337,CC(C)(C)[Si](C)(C)OC(=O)C1CC(=O)OC1C(=O)O[Si](C)(C)C(C)(C)C,402.189391868,0.8713768115942029,260,28,13
338,CCCCCCOC(=O)CCCC(=O)OCCOC,274.17802393200003,0.9891304347826086,1,1,1
339,CCc1cccc(OC(=O)CCC(=O)OCC2CCCCC2)c1,318.183109312,0.9836956521739131,2,2,2
340,C=C(C)CCO[Si](OCCCC)(c1ccccc1)c1ccccc1,340.185856666,0.9782608695652174,1,1,1
341,CCCCCOC(=O)c1cccc(C(=O)Oc2ccccc2OC(C)C)c1,370.178023932,0.967391304347826,25,2,2
342,O=C(Nc1cc([N+](=O)[O-])ccc1OC(=O)C(F)(F)C(F)(F)C(F)(F)F)C(F)(F)C(F)(F)C(F)(F)F,545.989666308,0.9003623188405797,5,1,1
343,CCCCCCCCN(CC)C(=O)Cc1cccs1,281.181335484,0.9728260869565217,99999,2,99999
344,COc1c(C)cc(N(C)C)c2ccccc12,215.131014164,0.8188405797101449,1589,363,164
345,O=C1CN=C(c2ccccc2F)c2cc(Cl)ccc2N1,288.04656884,0.8007246376811594,865,166,83
346,CC(C)=CCc1cc(C2CC(=O)c3ccc(O)c(CC=C(C)C)c3O2)ccc1O,392.19875937599994,0.8496376811594203,34,23,3
347,CC(C)=CCC/C(C)=C\COC(=O)CCC(=O)OCC(F)(F)C(F)F,368.161072128,0.9855072463768116,1,1,1
348,COCC1=CCC23CC1C(C)(C)C2CCC3C,234.198365452,0.9202898550724637,2,2,1
349,CC[Si](F)(F)CC,124.05198329,0.9347826086956522,196,27,14
350,C#CC(C)OC(=O)CCC(=O)OC(C)CC(C)C,254.151809184,0.9855072463768116,1,1,1
351,CCC#CCCCCCCCCOC(=O)CCCC(=O)OC(CC)C(C)C,380.29265976,0.9710144927536232,176,37,36
352,C#CCCOC(=O)NC1(C(=O)OCCC)CCCC1,267.147058152,0.9547101449275363,22,5,5
353,CCC(COC(=O)C(F)(F)F)(COC(=O)C(F)(F)F)COC(=O)C(F)(F)F,422.041192052,0.9130434782608695,56,1,1
354,CCCCCCCCCCCCCCCCCCOC(=O)C1CCCN1C(=O)C1CC1,435.371244428,0.9945652173913043,1,1,1
355,CCC(C)c1ccc(O)c(Br)c1,228.014977136,0.9311594202898551,61,4,3
356,C=CCCCCCC(C)CC,154.172150704,0.9782608695652174,55,15,15
357,CC(C)C(O)C(C)(C)CO,146.130679816,0.9420289855072463,6,1,1
358,CCCCCCCCC(C)OC(=O)CCC(=O)Oc1ccc(-c2ccccc2)cc1,410.245709568,0.9492753623188406,4,2,2
359,CC(C)C(C)OC(=O)CCC(=O)OC1C2CC3CC(C2)CC1C3,322.21440944,0.9565217391304348,21,5,5
360,CCC(CC)COC(=O)CCCC(=O)OCC(C)C,272.198759376,0.9764492753623188,19,6,6
361,CCCCCCCCCCCCCCCCN(CCCC)C(=O)c1ccncc1,402.36101409199995,0.9764492753623188,1,1,1
362,COc1cccc(CO)c1OC,168.078644244,0.9764492753623188,4,2,2
363,CCC(NC(=O)OC)C(=O)OC,175.084457896,0.9166666666666666,7,2,2
364,CCCOC(=O)CN(C)C(=O)c1ccc(C)cc1,249.136493468,0.9547101449275363,1,1,1
365,COc1ccc2oc(=O)cc(O[Si](C)(C)C(C)(C)C)c2c1,306.128735714,0.8731884057971014,109,32,8
366,CCCCCOC(=O)c1ccc(C(=O)OC(CCC)CCC)cc1,334.21440944,0.9891304347826086,4,1,1
367,CCCCCCOC(=O)CCCCCC(=O)OCC(CC)CC,328.261359632,0.9891304347826086,6,4,4
368,CCCCCCCN(CCCCCCC)C(=O)COC(C)=O,313.26169398,0.9384057971014492,2,2,2
369,CCCCCCCC(C)CCC,170.203450832,0.9855072463768116,47,11,11
370,CCOC(=O)Oc1ccccc1,166.06299418,0.9565217391304348,15,5,5
371,C=C(C)C#CC(CC(C)C)OC(=O)c1ccc(Br)cc1,334.056841948,0.9528985507246377,3,3,3
372,CCCCCCCCCOC(=O)c1ccccc1C(=O)OCC1(CC)COCOC1,420.25118887199994,0.9873188405797102,99999,1,99999
373,Fc1ccc(Cl)cc1,129.998556028,0.9746376811594203,2,2,2
374,CCCCCCCCCC(CCCC)OC(=O)c1ccc(F)c(C(F)(F)F)c1,404.233843144,0.9909420289855072,20,6,6
375,CCC(OC(=O)CCC(=O)Oc1ccccc1F)c1ccccc1,330.12673730800003,0.927536231884058,1,1,1
376,CC1(C)OOC(C)(C)OOC(C)(C)OO1,222.110338296,0.9311594202898551,77,8,7
377,CCCCCCCCCCCCCCCOC(=O)C1CCCCC1C(=O)OCc1c(F)c(F)c(F)c(F)c1F,562.3081509559998,1.0,1,1,1
378,Cc1ccc(OC(=O)CCC(=O)Oc2ccc(C(C)C)cc2)cc1C,340.167459248,0.9818840579710145,3,2,2
379,CC(=O)OCCCOc1ccccc1,194.094294308,0.9583333333333334,7,5,5
380,CCCC(OC(=O)c1cccc(C(=O)OCC(C)CC)n1)C(C)C,335.20965840800005,0.980072463768116,2,2,2
381,CCCCCCCCCCCCCCCCOC(=O)CCCC(=O)OC(CC)CCC(CC)CC,496.4491604,0.9981884057971014,1,1,1
382,C=C(C)CCOC(C)=O,128.083729624,0.9130434782608695,277,58,53
383,COc1cc(/C=C/CO)cc(OC)c1O,210.089208928,0.9347826086956522,3,4,3
384,C[Si](C)(C)N(CCCCN([Si](C)(C)C)[Si](C)(C)C)[Si](C)(C)C,376.25815552800003,0.9293478260869565,1,1,1
385,CCCCC(CC)COC(=O)CCCC(=O)Oc1ccc(C#N)cc1,345.19400834400005,0.9836956521739131,1,1,1
386,CC(C)CCOC(=O)CCC(=O)OCc1ccc2ccccc2c1,328.167459248,0.9728260869565217,7,4,4
387,CCOC(=O)C(C)(C)C(=O)Oc1ccccc1OC(C)C,294.14672380400003,0.9438405797101449,1,1,1
388,CCCCCCCCCCCCCCN(CC)C(=O)CCc1ccccc1,373.334464996,0.9963768115942029,99999,1,99999
389,CCCCOC(=O)CCCC(=O)Oc1c(F)c(F)c(F)c(F)c1F,354.08905006000003,0.9873188405797102,1,1,1
390,CCCCCCCCC/C=C/COC(=O)CCCC(=O)OC(C)C1CCCC1,394.308309824,0.9764492753623188,2,2,2
391,CCCCCCCCCCCCCOC(=O)/C=C/C(=O)OC(C)C(C)(C)C,382.308309824,0.9927536231884058,1,1,1
392,CCC(C)CC(=O)O[Si](C)(C)C,188.12325641,0.9637681159420289,3,3,3
393,CCCCCCCCOC(=O)CCCC(=O)Oc1ccccc1OC,350.20932406,0.9945652173913043,1,1,1
394,CCCCCCCCCCC(C)CCC,212.25040102399998,0.9873188405797102,32,5,5
395,CCCCCCCCCOC(=O)c1cccc(C(=O)OC(C)CCCCCC)n1,405.28790872800005,0.9873188405797102,28,7,7
396,CCC#CCCCCCCCCO[Si](OCCCCCCCC)(c1ccccc1)c1ccccc1,492.34235730599994,0.9981884057971014,1,1,1
397,CCCCCCCCOC(=O)C1CCCN1C(=O)c1ccccc1F,349.205321976,0.9836956521739131,4,2,2
398,CCCCCCCCCCCCCCOC(=O)c1cccc(C(=O)OCC2CCCC2)c1,444.32395988799993,0.9945652173913043,1,1,1
399,CCCCCCCCCCCCCCCCCO[Si](C)(C)Oc1ccc(-c2ccccc2)cc1,482.35800736999994,0.9547101449275363,1,1,1
400,CCCCCCCCCCCCCCCOC(=O)/C=C/C(=O)OC(C)CCCC,410.33960995199993,0.9981884057971014,1,1,1
401,CCCCCCCCCCOC(=O)CCC(=O)OCC(F)(F)C(F)(F)C(F)(F)F,440.179756884,1.0,1,1,1
402,CCCCCCOC(=O)C(C)N(C)C(=O)OCCOCc1ccccc1,365.220223092,0.9891304347826086,1,1,1
403,CCCCCCOC(=O)CCCCCC(=O)OCCC(CCCC)CCOC,400.31887450799996,0.9981884057971014,1,1,1
404,COc1ccc(OC)cc1,138.06807956,0.9583333333333334,1,1,1
405,CCCCCCCCCCCCCCO[Si](C)(C)OCCOC,346.2903217339999,0.9221014492753623,1,1,1
406,C1=CC(c2ccccc2)c2ccccc21,192.093900384,0.9438405797101449,201,54,45
407,C=C(C)CCOC(=O)CCCCCCCCC(=O)OCCCC(C)C,354.277009696,0.9818840579710145,7,2,2
408,COc1ccc(CC(=O)O)cc1,166.06299418,0.9202898550724637,378,128,92
409,CCCCCCCCCCCCCCCCCCCCCCCCCCC(=O)OC,424.4280310319999,0.9782608695652174,11,9,7
410,CC(C)(C)C(=O)Nc1ccccc1Cl,211.076391748,0.9547101449275363,3,3,3
411,COc1cc(Cl)ccc1OC(=O)CCCC(=O)Oc1ccc(Cl)cc1OC,412.04804365599995,0.9927536231884058,1,1,1
412,CCCCCOC(=O)CCC(=O)OCc1cc(Br)ccc1OC,386.07288593600003,0.9909420289855072,1,1,1
413,CC(C)(C)c1ccc(N(S(C)(=O)=O)S(C)(=O)=O)cc1,305.075550088,0.9384057971014492,4,1,1
414,CCCCC/C=C\CCOC(=O)CCCC(=O)OCC/C=C\CCCCC,380.29265976,0.9909420289855072,1,1,1
415,CCC(C)OC(=O)c1ccc(CO)o1,198.089208928,0.9655797101449275,2,1,1
416,CC(C)CCNC(=O)c1ccco1,181.11027872,0.9365942028985508,6,3,3
417,CCCCCCCCCCCCCCCCOC(=O)C(CCC)CCC,368.365430776,1.0,1,1,1
418,CCOC(=O)CCC(=O)OCc1ccccc1OC,266.11542367600003,0.9891304347826086,1,1,1
419,CC(OC(C)(C)C)C(C(=O)OC(C)(C)C)N(C)C(=O)C(F)(F)F,341.18139297199997,0.8659420289855072,10,1,1
420,CC(=O)Oc1ccc(C(C)(C)C)cc1OC(C)=O,250.120509056,0.9130434782608695,164,13,5
421,CC(=O)OCc1ccc(C)cc1,164.083729624,0.947463768115942,2,1,1
422,CC1C=CC(C)n2c(=O)n(C)c(=O)n21,195.100776656,0.8786231884057971,99999,3,99999
423,O=C(CCC(=O)Oc1c(F)c(F)c(F)c(F)c1F)OCC(F)(F)C(F)(F)C(F)(F)C(F)F,498.013675564,0.9728260869565217,4,1,1
424,O=C(CCC(=O)Oc1c(Cl)cc(Cl)cc1Cl)OCC(F)(F)C(F)(F)F,427.940832876,0.9891304347826086,1,1,1
425,COC(=O)c1ccc(OC)cc1OC(=O)C(F)(F)C(F)(F)F,328.03701448800007,0.9021739130434783,128,7,3
426,CCOCCOC(=O)c1c(F)cccc1C(F)(F)F,280.072257124,0.980072463768116,11,6,6
427,CC1=C(O)C(=O)CC1,112.052429496,0.8786231884057971,2909,488,297
428,COc1ccc(O[Si](C)(C)C(C)(C)C)c(Cl)c1,272.09993412200004,0.8913043478260869,304,56,42
429,CC(=O)Nc1ccccc1C(=O)O[Si](C)(C)C,251.097769934,0.967391304347826,1,1,1
430,CC(C)COC(=O)CCCCCCCCC(=O)OCc1ccccc1I,474.126707472,0.9764492753623188,2,2,2
431,CCCC(=O)OC[Si](C)(C)C,174.107606346,0.927536231884058,9,1,1
432,ClC1CC2CC1C1C3C=CC(C3)C21,194.08622816,0.9746376811594203,7,2,2
433,CCCCCCCCCCCCCCO[Si](CCCCCC)(CCCCCC)CCCCCC,496.503943326,0.9710144927536232,44,8,7
434,CCCCCCCCCCCCCCCCCCCCCCCCCCOC(C)=O,424.4280310319999,1.0,1,1,1
435,O=C(OC1CCCCC1)c1cccc(C(F)(F)F)c1F,290.092992568,0.9818840579710145,2,2,2
436,COc1c(F)c(F)cc(C(=O)Oc2ccc(OCc3ccccc3)cc2)c1F,388.09224362000003,0.8333333333333334,207,21,6
437,CCCCCCCCCCO[Si](C)(C)O[Si](C)(C)OCCC,348.25159819999993,0.9855072463768116,2,1,1
438,CCCCCCCCCCCCCCCOC(=O)c1ccc(C(=O)OCCC(C)C)cc1,446.33960995199993,0.9981884057971014,1,1,1
439,O=C(Oc1ccccc1N(C(=O)C(F)(F)C(F)(F)C(F)(F)F)C(=O)C(F)(F)C(F)(F)C(F)(F)F)C(F)(F)C(F)(F)C(F)(F)F,696.980500228,0.8170289855072463,312,3,1
440,COCCOCCOCCO[Si](C)(C)C,236.14438577800001,0.9945652173913043,1,1,1
441,CC(C)(C)COC(=O)CCCC(=O)OCCCCCCCCCl,348.206737216,0.9692028985507246,36,11,11
442,CCCCCCCCOC(=O)CCC(=O)OC(C)C(C)=O,300.193673996,0.9873188405797102,1,1,1
443,CCCCCCCOC(=O)C(C)(C)C(=O)Oc1c(F)cccc1Cl,358.134715148,0.9963768115942029,1,1,1
444,CCCCCCCCC(C)O[Si](OCCCCCCC)(c1ccccc1)c1ccccc1,454.32670724199994,0.9909420289855072,1,1,1
445,CCCC(CCC)OC(=O)c1ccccc1C(=O)OCC(C)C,320.198759376,0.9764492753623188,3,1,1
446,CC1C(OC(=O)C(F)(F)C(F)(F)C(F)(F)F)CC2CC1C2(C)C,350.111677324,0.8768115942028986,371,26,9
447,CCCCCCCCCCCCCOC(=O)CCCC(=O)Oc1c(F)cccc1Cl,442.22861553199994,0.9891304347826086,1,1,1
448,CC(C)(C)C1CCC(OC(=O)CCC(=O)Oc2cccc(Cl)c2)CC1,366.159787024,0.9873188405797102,1,1,1
449,CC(C)(C)C(=O)Nc1ccc2c(c1)Cc1ccccc1-2,265.146664228,0.8967391304347826,1,2,1
450,CCCCN(CCC(C)C)C(=O)c1cccc2ccccc12,297.209264484,0.9692028985507246,99999,6,99999
451,CC#CC(CC)OC(=O)CCCCCCCCC(=O)OCCCCCCCCCCCCC,464.386560144,0.9981884057971014,1,1,1
452,CCN(CC)CCSP(=O)(CC)OC,239.110886574,0.8478260869565217,26,4,4
453,CCCCCCCCC(CCCCCC)OC(=O)c1ccc(F)c(C(F)(F)F)c1,418.249493208,0.9909420289855072,11,4,4
454,C=CCCO[Si](C)(C)OCc1cccnc1,237.11850537799998,0.9746376811594203,1,1,1
455,CCCCC(CC)OC(=O)CCC(=O)Oc1c(F)cccc1Cl,344.119065084,0.9873188405797102,2,1,1
456,CC(C)(C)[Si](C)(C)OCCC(=O)O[Si](C)(C)C(C)(C)C,318.204648008,0.9420289855072463,25,5,4
457,COC(=O)C(NC(=O)c1cccs1)C(C)C,241.07726434,0.8351449275362319,183,41,25
458,Cc1cccc(COC(=O)CCC(=O)OCC(C)C)c1,278.151809184,0.9818840579710145,2,2,2
459,Cc1ccc2nc(O[Si](C)(C)C(C)(C)C)c(C=O)cc2c1,301.14980550600006,0.8061594202898551,1013,120,23
460,O=C(CCCC(=O)OCC(F)(F)C(F)(F)C(F)(F)C(F)F)OCC1CCCCC1Cl,476.100062592,0.9637681159420289,1,1,1
461,CCCCCCCCOC(=O)CCC(=O)OCc1c(F)cccc1C(F)(F)F,406.176722192,0.9855072463768116,1,1,1
462,CCCCCCCCCC(=O)OCCC(C)CC/C=C(\C)CCC=C(C)C,378.349780712,0.9184782608695652,1,1,1
463,CCCCCCCCCCOC(=O)C1CCCN1C(=O)OCCC,341.2566086,0.9963768115942029,1,1,1
464,CC(C)COC(=O)CCCCC(=O)OCC(Cl)Cl,298.07386448,0.9746376811594203,12,3,3
465,Cc1cccc(NC(=O)C(Cl)Cl)c1,217.006119268,0.927536231884058,17,2,2
466,Cc1ccc(NC(=O)Cc2cccs2)c(I)c1,356.96843300399996,0.8586956521739131,1,1,1
467,CCCCCCCCCCCCCCCCCCO[Si](OCCF)(c1ccccc1)c1ccccc1,514.3642356219999,0.9981884057971014,1,1,1
468,CCOc1nccnc1CC,152.094963004,0.8496376811594203,33,6,3
469,C[Si](C)(C)OC(=O)C(=O)c1ccccc1,222.071220838,0.9184782608695652,103,27,9
470,CCCCCCCCCCCCCOC(=O)c1cccc(C(=O)OC(C)C(C)CCOC)n1,463.32977353999996,0.9981884057971014,1,1,1
471,CC(=O)CCc1ccc(OC(=O)C(F)(F)C(F)(F)F)cc1,310.062835312,0.9148550724637681,39,8,4
472,CC#CCOC(=O)N(C)C(C(=O)OCCCCCCCCCCCCC)C(C)C,409.319208856,0.9927536231884058,1,1,1
473,CCCCC(CC)COC(=O)C(CC)CC,228.208930136,0.9873188405797102,1,1,1
474,CCCCCCC(O[Si](C)(C)C(C)(C)C)C(=O)O[Si](C)(C)C(C)(C)C,388.282898328,0.9347826086956522,38,13,8
475,O=C(OCC1CCCCC1Cl)c1cccc(C(=O)OCC2CCCCC2Cl)c1,426.136464736,0.980072463768116,1,1,1
476,COCc1ccccc1,122.07316494,0.9347826086956522,37,4,4
477,CC(C)C(=O)Oc1cc(Cl)c(Cl)cc1Cl,265.966812568,0.9637681159420289,2,1,1
478,CCCCCCCCCCCC(=O)NC(C)CCCCC,297.303164868,0.980072463768116,16,5,5
479,Cc1ccccc1OC(=O)c1c(F)cccc1F,248.064886,0.9764492753623188,54,10,10
480,CCCOC(=O)c1ccc(C(=O)OCc2ccc(C)c([N+](=O)[O-])c2)cc1,357.121237328,0.9637681159420289,2,1,1
481,CCC(C)CCCCC(=O)OC,172.14632988,0.9855072463768116,4,1,1
482,COC(=O)C1CCCN1C(=O)c1cccc(C)c1,247.120843404,0.8532608695652174,30,10,8
483,CC(C)COC(=O)C1(NC(=O)OCCCCl)CCCC1,305.139385928,0.9257246376811594,36,3,3
484,CC(C)(C)c1cccc(N(C(=O)C(F)(F)C(F)(F)C(F)(F)F)C(=O)C(F)(F)C(F)(F)C(F)(F)F)c1,541.072273736,0.967391304347826,2,2,2
485,CCC#CC(CC(C)C)OC(=O)c1ccccc1Cl,278.107357528,0.9402173913043478,4,2,2
486,CCCCCCCCCCCN(C(=O)CCl)C(C)CCC,317.248542452,0.9583333333333334,1,1,1
487,CCOC(=O)CCC(=O)O[Si](C)(C)C,218.09743558600002,0.9619565217391305,2,1,1
488,CCc1ccc(C(=O)N(C)CC(=O)OCCCC(C)C)cc1,305.199093724,0.9003623188405797,25,5,5
489,C[Si](C)(C)Oc1nc2ccccc2c2ccccc12,267.10794069400004,0.842391304347826,422,86,15
490,CCCCCCCOC(=O)CCCCCC(=O)Oc1cccc([N+](=O)[O-])c1,379.199487648,0.9782608695652174,3,2,2
491,CCCCCCCOC(=O)CCCC(=O)Oc1c(Cl)cccc1Cl,374.105164608,0.9945652173913043,1,1,1
492,CCCC[Si](CCCC)(CCCC)OCC,244.22224217400003,0.9764492753623188,2,1,1
493,CCCCC(CC)CN(Cc1ccccc1)C(=O)Cc1cccs1,343.19698554800004,0.967391304347826,4,2,2
494,CC(C)(C)c1ccc(N[Si](C)(C)C(C)(C)C)cc1,263.206926458,0.9094202898550725,2,2,2
495,CCCCCCCCCCCCOC(=O)CCCC(=O)OC(c1ccccc1)C(F)(F)F,458.264394324,0.9981884057971014,1,1,1
496,CCCCCCCCCCCCCCCCCCCCCCOC(=O)CCCCCCCCCCCCC,536.5532315439999,0.9963768115942029,1,1,1
497,CC(C)(C)[Si](C)(C)OC(=O)C(=O)c1ccccc1,264.11817103,0.875,743,116,72
498,CC(C)(C)[Si](C)(C)Oc1ccc2c(c1)OC(=O)CC2,278.133821094,0.8496376811594203,956,152,61
499,CC(C)COC(=O)CN(C)C(=O)c1ccc([N+](=O)[O-])cc1,294.121571676,0.9402173913043478,5,2,2
500,CCCCC(CCOC)COC(=O)/C=C/C(=O)OCC(F)(F)C(F)F,372.15598674800003,0.9619565217391305,1,1,1
501,CC(C)CC(C)OC(=O)CCC(=O)OC(C)C(F)(F)F,298.13919381200003,0.9818840579710145,1,1,1
502,CCCC/C=C/C(=O)NCCCCCCCCCCCCCCCCCC,379.381415188,0.9909420289855072,1,1,1
503,COc1ccc(CN=C=S)cc1,179.040484908,0.9329710144927537,212,53,32
504,CCCCCCCCC(C)OC(=O)CCCC(=O)Oc1c(Cl)cc(Cl)c2ccccc12,466.167764864,0.9818840579710145,1,1,1
505,O=C(O)c1ccn(C(F)F)n1,162.024083808,0.907608695652174,1,1,1
506,CC#CC(CC)OC(=O)CCCC(=O)Oc1ccc(Cl)cc1Cl,356.058214416,0.9891304347826086,4,3,3
507,CCCCCCCCCOC(=O)CCC(=O)OC(CCC)CCC,342.277009696,0.9981884057971014,1,1,1
508,CCCCC/C=C/CCCOC(=O)CCCCCCCCC(=O)OCC(C)C,396.32395988799993,0.980072463768116,32,10,10
509,COc1ccc(C)cc1OC(=O)CCCC(=O)OC(C)C(F)(F)F,348.11845836800006,0.9384057971014492,1,1,1
510,CCCCOC(=O)CCCCCCCCC(=O)OCc1cc(Cl)ccc1Cl,416.1521148,0.9873188405797102,1,1,1
511,C=CCCCCCCCC(=O)O[Si](C)(C)C(C)(C)C,284.217156794,0.947463768115942,1,1,1
512,CCCCCCOC(=O)c1cccc(C(=O)Oc2cc(F)cc(F)c2)c1,362.13296556,0.9692028985507246,10,1,1
513,CCCCCCCO[Si](CC)(CC)OCCCCCC,302.26410698599994,0.9601449275362319,12,4,4
514,CCCCCCCCOC(=O)c1ccccc1C(=O)OCc1ccc([N+](=O)[O-])c(OC)c1,443.194402268,0.980072463768116,99999,1,99999
515,CCCCCCCCCOC(=O)c1cccc(C(=O)Oc2ccc(Br)cc2)c1,446.10927144400006,0.9873188405797102,1,1,1
516,CC(O[Si](C)(C)C(C)(C)C)C(=O)N([Si](C)(C)C(C)(C)C)S(=O)(=O)c1ccc(Cl)cc1,491.1748604359999,0.7844202898550725,410,29,9
517,CCCC(C)C(=O)OCC,144.115029752,0.980072463768116,1,1,1
518,CCCCCCCCCCCCCOC(=O)CCCCCC(=O)OCCCCCC,426.37091007999993,0.9981884057971014,99999,1,99999
519,CCCCCCCCN(C)C(=O)C(C)C,213.209264484,0.9927536231884058,1,1,1
520,CCCCCCOC(=O)c1ccccc1C(=O)OC(CC)CCC,334.21440944,0.9963768115942029,1,1,1
521,CCCCCCCCCCCCOC(=O)C(C)(C)C(=O)OCCCc1ccccc1,418.308309824,0.9692028985507246,16,4,2
522,C=C[Si](C)(OCCCCCCCCCCCCCCC)OC1CCCCC1C,410.35800736999994,0.9981884057971014,1,1,1
523,CCOC(=O)CCCC(=O)OCCCCCCCCCCCl,334.191087152,0.9728260869565217,57,5,4
524,CC[Si](Cl)(CC)Oc1c(OC)cccc1OC,274.079198678,0.7971014492753623,3830,493,130
525,CCCCCCCCCCO[Si](Oc1cccc([N+](=O)[O-])c1)(c1ccccc1)c1ccccc1,477.23353512999995,0.9710144927536232,4,1,1
526,COC(=O)Cc1cccc(OC)c1,180.078644244,0.9384057971014492,16,9,8
527,CCCCCCCCCCCCCCCCOC(=O)c1cccc(C(=O)OC(CC)CCCC)c1,488.38656014399993,1.0,1,1,1
528,CCCCCCCCCCCC(CCC)OC(=O)c1cc(F)ccc1F,368.252686768,0.9873188405797102,1,1,1
529,CC12CCC(=O)C=C1CCC1C2C(O[Si](C)(C)C)CC2(C)C(C(=O)CO[Si](C)(C)C)CCC12,490.29346301199996,0.9746376811594203,99999,1,99999
530,O=C(CCCCl)Oc1ccccc1-c1ccccc1,274.0760574,0.9402173913043478,13,2,1
531,CCCCCCCCCCCOC(=O)/C=C/c1ccccc1OC,332.23514488399996,0.9981884057971014,1,1,1
532,Cc1ccsn1,99.01427016,0.8967391304347826,83,42,26
533,C/C=C/COC(=O)CCC(=O)Oc1cccc(Cl)c1,282.06588664000003,0.9619565217391305,30,3,3
534,CCCCCCCCCCOC(=O)CCCC(=O)Oc1ccccc1C(C)C,390.277009696,0.9909420289855072,1,1,1
535,CCC(C)CCCOC(=O)CC(C)C,200.177630008,0.9583333333333334,27,3,3
536,Cc1cc(C)cc(OC(=O)C(C)C)c1,192.115029752,0.9510869565217391,3,2,2
537,CCCCCCCN(CCc1ccccc1)C(C)=O,261.209264484,0.9836956521739131,1,1,1
538,CCCCCCOC(=O)CN(C)C(=O)c1ccc([N+](=O)[O-])cc1,322.152871804,0.9547101449275363,2,1,1
539,CCCC(CC)OC(=O)CCC(=O)OCC1CCCCC1,298.21440944,0.9927536231884058,1,1,1
540,CC(C)CCOC(=O)CCCC(=O)OCC1CCCCC1,298.21440944,0.9909420289855072,1,1,1
541,C#CCOC(=O)N1CCCCC1C(=O)N1CCCCC1C(=O)OCCCCCCCC,434.27807231599996,0.9456521739130435,16,1,1
542,CCCCCCCCCCOC(=O)C1CCCN1C(=O)c1ccccc1Br,437.15655598399997,0.980072463768116,3,1,1
543,CC(C)CCCO[Si](OCC1CC=CCC1)(c1ccccc1)c1ccccc1,394.23280685799995,0.9637681159420289,11,3,3
544,CCCCCCOC(=O)CCCCCC(=O)Oc1ccccc1C(C)C,362.245709568,0.9927536231884058,1,1,1
545,CCCC(C)COC(=O)c1ccc(F)cc1,224.121258004,0.9655797101449275,1,1,1
546,CCCCCCCCCCCCCCOC(=O)CCCCCCCCC(=O)OC(C(C)C)C(C)C,496.4491604,0.9909420289855072,3,2,2
547,COC(=O)NC1CCCNC1=O,172.084792244,0.8369565217391305,554,261,58
548,CCCCCCCCCCCCCCOC(=O)CC(=O)OCC(C)C,356.29265976,0.9927536231884058,1,1,1
549,CCCCC/C=C\CCOC(=O)CCCC(=O)OCCCCCCC,354.277009696,0.9927536231884058,2,1,1
550,CCCCCCCCCO[Si](CC)(CC)Oc1ccccc1CC,350.26410698599994,0.9836956521739131,1,1,1
551,C=C1C(C)=CC2(C)CCC3C(C)CCC132,202.172150704,0.9583333333333334,45,43,40
552,O=C(CCC(=O)OCC(F)(F)C(F)F)OCC1CCCCC1Cl,362.09079964800003,0.980072463768116,1,1,1
553,CC(C)c1ccc(OC(=O)CCC(=O)Oc2cccc(Cl)c2Cl)cc1,380.058214416,0.967391304347826,4,1,1
554,CCCCC/C=C/CCOC(=O)CCC(=O)Oc1ccccc1F,336.1736875,0.9619565217391305,1,1,1
555,CNC(CCOC)C(=O)OC,161.10519334,0.9039855072463768,99999,7,99999
556,C[Si](C)(C)O[Si](O[Si](C)(C)C)(O[Si](C)(C)C)O[Si](C)(C)C,384.14599228199995,0.9728260869565217,3,2,2
557,CC(C)OP(=S)(OC(C)C)SCCNS(=O)(=O)c1ccccc1,397.06050787799995,0.9039855072463768,46,4,1
558,CCCCCC(C)OC(=O)CCC(=O)Oc1ccc(Br)cc1OC,400.08853600000003,0.9710144927536232,1,1,1
559,CC1NC(=O)CC1O,115.063328528,0.8297101449275363,99999,1560,99999
560,CC(=O)Nc1ccccc1C(=O)O[Si](C)(C)C(C)(C)C,293.14472012600004,0.9565217391304348,2,3,2
561,CC1CCC2CCCCC2C1,152.15650064,0.9438405797101449,68,31,23
562,CCCCCCCCCOC(=O)C1CCCCN1C(=O)C1CCCCN1C(=O)OCCC,452.32502250799996,0.9583333333333334,17,4,4
563,COC(=O)CC(NC(=O)C(F)(F)C(F)(F)C(F)(F)F)C(=O)OC,357.04471995999995,0.8568840579710145,490,20,12
564,O=C(CCC(=O)OCC(F)(F)C(F)(F)C(F)(F)C(F)F)OCCCc1ccccc1,450.10773481599995,0.9438405797101449,31,1,1
565,CCCC(C)CCCC(C)CC,170.203450832,0.9945652173913043,25,5,5
566,CCOP(=S)(NC(C)CC)Oc1cc(C)ccc1[N+](=O)[O-],332.09596478199995,0.7989130434782609,674,65,6
567,C=CCSCC(C)SSCC=C,220.041413512,0.9637681159420289,7,2,2
568,COc1ccc(C(C)=O)cc1OC(=O)C(F)(F)C(F)(F)F,312.04209986800004,0.9438405797101449,14,3,1
569,CCCCCCCCCCO[Si](C)(C)O[Si](C)(C)Oc1ccccc1Cl,416.19697578399996,0.9619565217391305,2,2,2
570,Nc1ccc(Cl)cc1Cl,160.97990452,0.9909420289855072,2,2,2
571,CCCO[Si](C)(C)Oc1cccc2ccccc12,260.12325641,0.8659420289855072,562,117,36
572,CCC(CC)(CC)OC(C)=O,158.130679816,0.8858695652173914,551,161,135
573,CCCCCOC(=O)CN(C)C(=O)c1ccccc1F,281.14272172,0.9637681159420289,4,3,3
574,CCCCCCCCCCCCOC(=O)CCCC(=O)Oc1ccc(C)c(C)c1,404.29265976,0.9963768115942029,1,1,1
575,O=[N+]([O-])c1cccc(I)c1,248.928676368,0.9746376811594203,1,1,1
576,C1=Nc2ccccc2Oc2ccccc21,195.068413908,0.8170289855072463,1903,390,234
577,CC(=O)OC1(C(C)=O)CCC2C3C=C(Cl)C4=CC(=O)CCC4(C)C3CCC21C,404.175437088,0.7898550724637681,99999,31,99999
578,CCCCOC(=O)CCC(=O)OC(CC)CCC,258.183109312,0.9927536231884058,2,1,1
579,COc1cc(Br)cc(C=O)c1O,229.957856184,0.9456521739130435,24,4,4
580,CCCCOC(=O)/C=C/C(=O)Oc1cc(Cl)cc(Cl)c1Cl,349.987941936,0.9710144927536232,9,5,5
581,COc1ccc(OC(=O)c2cc(F)ccc2F)c(C(C)c2ccccc2)c1,368.122400876,0.9547101449275363,2,2,2
582,CC1OC(=O)C(C)OC1=O,144.042258736,0.907608695652174,99999,90,99999
583,C#CC1(OC(=O)C(F)(F)C(F)(F)F)CCC2C3CCc4cc(OC5CCCC5)ccc4C3CCC21C,510.219335952,0.8387681159420289,49,1,1
584,CC1CCC(OC(=O)CCC(=O)OCc2ccc3ccccc3c2)CC1,354.183109312,0.9836956521739131,1,1,1
585,CCCCCCCCOC(=O)CCCCCCCCC(=O)OCCCCCC,398.33960995199993,0.9963768115942029,1,1,1
586,CCCCCCCCCCC#CCOC(=O)/C=C/c1cccc(C(F)(F)F)c1,394.211964828,0.8894927536231884,1,1,1
587,CCC(C)CNC(CC(=O)OC)C(=O)OC,231.147058152,0.9293478260869565,6,2,2
588,CCCc1cc(O[Si](C)(C)C)c2ccc(OC)cc2n1,289.149805506,0.802536231884058,660,97,32
589,O=C(Sc1ccc(Br)cc1)C(F)(F)C(F)(F)F,333.908638948,0.9764492753623188,3,1,1
590,CCCCCCCC/C=C\CCCCCC=O,238.22966558000002,0.9746376811594203,4,3,3
591,Cc1ccc2c(c1)C(=O)CCS2,178.04523594,0.8514492753623188,1171,305,209
592,COc1cccc(C(=O)Oc2ccccc2C)c1,242.094294308,0.9692028985507246,10,6,6
593,C/C=C/CO,72.057514876,0.9655797101449275,4,2,2
594,CCCCCCCC(=O)Nc1ccc(OC)cc1,249.172878976,0.9094202898550725,7,4,4
595,CCCCCCCOC(=O)CCCCCCCCC(=O)OCC(Cl)Cl,396.183414928,0.9981884057971014,1,1,1
596,O=C(O)CC1CCCOC1,144.078644244,0.8804347826086957,864,266,120
597,CCCCCCCCCCCCCCOC(=O)CCC(=O)OC(CC)CCCC,412.35526001599993,0.9963768115942029,1,1,1
598,CCCCCCCCCCCOC(=O)CCCC(=O)OC(C)C,328.261359632,0.9945652173913043,23,5,5
599,CCCCCCOC(=O)c1ccccc1C(=O)OCCCCCCCCBr,440.15622163600005,0.9963768115942029,99999,1,99999
600,CCOC(=O)C(C)CC,130.099379688,0.9710144927536232,1,1,1
601,CC(C)COC(=O)CCC(=O)OCc1ccc2ccccc2c1,314.151809184,0.9782608695652174,2,1,1
602,CC(C)C(=O)Oc1ccc(Cl)cc1,198.044757272,0.9836956521739131,1,1,1
603,Cc1ccc(OS(C)(=O)=O)c(Cl)c1,219.996092828,0.9782608695652174,1,1,1
604,CCCCCCCCCOC(=O)CCCC(=O)OC(C)CCCCCCCC,398.339609952,0.9981884057971014,1,1,1
605,O=C(Oc1c(F)c(F)c(F)c(F)c1F)c1ccccc1F,306.011548688,0.967391304347826,6,2,2
606,CC(=O)CC(c1ccccc1)c1c(O[Si](C)(C)C)c2ccccc2oc1=O,380.14438577799996,0.8188405797101449,678,73,25
607,CCCCCCCCCCOC(=O)CCCC(=O)OC(C(C)C)C(C)C,370.308309824,0.9836956521739131,140,34,34
608,CCCCCCCCCCCCCCCCOS(C)(=O)=O,320.23851601199993,0.9112318840579711,240,38,18
609,CCCCCCCCCCCCO[Si](CC)(CC)Oc1cc(C)cc(C)c1,392.31105717799994,0.9492753623188406,7,2,2
610,CCCCCCCCCCCCCCCCCO[Si](CC)(CC)OCCCC(C)C,442.420607626,0.9655797101449275,59,14,13
611,CCCCCCCCCCC(C)OC(=O)c1cc(F)ccc1C(F)(F)F,376.202543016,0.9945652173913043,1,1,1
612,O=C(CCC(=O)OCC1CCCCC1)OCCc1ccccc1,318.183109312,0.9420289855072463,22,6,6
613,CCCCCCCCCCCCCCCOC(=O)CCC(=O)OCc1ccccc1C,432.32395988799993,0.967391304347826,13,3,3
614,CCCCCC(C)OC(=O)CCCC(=O)Oc1ccc(Cl)cc1OC,370.154701644,0.9873188405797102,1,1,1
615,CCCCCCCCCCCCCCCOC(=O)CCCC(=O)Oc1ccccc1C(C)C,460.35526001599993,0.9873188405797102,5,2,2
616,Cc1cccs1,98.019021192,0.9692028985507246,2,1,1
617,CCCCCCCCOC(=O)CCC(=O)OCC(C)CC(C)(C)C,342.277009696,0.9963768115942029,1,1,1
618,CCCCCCCCCCCCCCCOC(=O)CCC(=O)OCc1cc(F)c(F)c(F)c1,472.28004438799996,0.9981884057971014,8,3,3
619,CC(C)=CCl,90.023627904,0.9818840579710145,4,2,2
620,C=CCOC(=O)C(F)(F)F,154.02416406,0.9456521739130435,13,1,1
621,CCOC(=O)C1CCCCC1C(=O)Oc1ccccc1-c1ccccc1,352.167459248,0.9836956521739131,1,1,1
622,C=CCOC(=O)CCCCCC,170.130679816,0.947463768115942,1,1,1
623,CCCCCCCCCCCCOC(=O)CCCC(=O)OC(CC)c1ccccc1,418.308309824,1.0,1,1,1
624,CC(C)(C(=O)OCCc1ccccc1)C(=O)OCCc1ccccc1,340.167459248,0.8822463768115942,963,78,55
625,COc1ccc(OC)c(/C=C/C(=O)O[Si](C)(C)C(C)(C)C)c1,322.160035842,0.9891304347826086,1,1,1
626,CCCCC(CC)COC(=O)/C=C/C(=O)Oc1ccccc1F,322.15803743600003,0.9891304347826086,1,1,1
627,CCCCCC1NCCS1,159.108170544,0.9329710144927537,13,4,3
628,CC(=O)Oc1ccc(C)cc1,150.06807956,0.9347826086956522,46,16,15
629,CCNC(=O)COc1nc(Cl)c(Cl)cc1Cl,281.972960568,0.9420289855072463,1,1,1
630,Cc1ccc(NC(C)(C)C(=O)OCC(C)(C)C)cc1,263.18852904,0.8913043478260869,8,1,1
631,C[Si](C)(C)Sc1ccccc1Cl,216.01957562599998,0.967391304347826,2,2,2
632,Cc1ccc(C(N[Si](C)(C)C)c2ccc(O[Si](C)(C)C)cc2)cc1,357.194417672,0.9184782608695652,1,1,1
633,CC[Si](CC)(OCCCC(C)C)Oc1ccccc1C(C)C,322.23280685799995,0.9510869565217391,12,3,3
634,CCCCN(CCO)C(=O)C(F)(F)F,213.097663348,0.9202898550724637,3,1,1
635,C#CCSC(C)C,114.05032132,0.9655797101449275,43,14,13
636,Cc1cc(OC(=O)C(F)(F)C(F)(F)C(F)(F)F)c(C(=O)c2ccccc2)cc1Cl,442.0206694,0.9202898550724637,15,2,1
637,Cc1nnc2n1-c1ccc(Cl)cc1C(c1ccccc1Cl)=NC2,342.043901744,0.8496376811594203,22,4,4
638,CCCOC(=O)CCCCCCCCC(=O)OC(CC)C(C)C,328.261359632,0.9873188405797102,2,2,2
639,O=c1c2ccccc2[nH]c2ccccc12,195.068413908,0.8713768115942029,18,2,1
640,Nc1ccc2c(c1)C(c1ccccc1)=NCC(=O)N2,251.105862036,0.855072463768116,99999,18,99999
641,CCOC(=O)N1CCCCC1,157.11027872,0.907608695652174,3,2,2
642,CCCCCOC(=O)CCC(=O)OCCc1ccccc1Br,370.07797131600006,0.9818840579710145,5,3,3
643,CCCCCCCCCCCOC(=O)C1CCCN1C(=O)C1CCCC1,365.292994108,0.9257246376811594,9,3,3
644,CCCCOC(=O)c1ccc(OC)c(OC)c1,238.120509056,0.9094202898550725,196,61,41
645,CCC(OC(=O)CCC(=O)OC(CC)C(C)(C)C)C(C)(C)C,314.245709568,0.9692028985507246,5,4,4
646,CCCCCCCCCCN(CCC)C(=O)Cc1ccc([N+](=O)[O-])cc1,362.25694294799996,0.9420289855072463,1,1,1
647,CCc1ccc(C(=O)OC/C=C/Cl)cc1,224.060407336,0.8713768115942029,266,88,43
648,COc1cccc(/C=C/C(=O)c2ccccc2)c1OC(=O)C(F)(F)F,350.07659355600003,0.9130434782608695,2,1,1
649,CC(C)=CCC/C(C)=C/COC(=O)C(F)(F)C(F)(F)F,300.114870884,0.9257246376811594,1,1,1
650,c1ccc2nccnc2c1,130.053098192,0.9492753623188406,26,8,8
651,CC(C)COC(=O)CCC(=O)OCc1cccc(Cl)c1Cl,332.058214416,0.9836956521739131,2,2,2
652,CC(C)COC(=O)c1cccc(C(=O)Oc2c(Cl)cc(Cl)cc2Cl)c1,400.003592,0.9257246376811594,122,9,6
653,CC(C)CCCOC(=O)C(F)(F)C(F)(F)C(F)(F)C(F)(F)C(F)(F)C(F)(F)C(F)(F)C(F)(F)F,548.0644093960001,0.9782608695652174,1,1,1
654,COc1c(F)c(F)cc(C(=O)Oc2cccc(C)c2)c1F,296.066028872,0.9710144927536232,2,2,2
655,CN1C2CCC1CC(OC(c1ccccc1)c1ccccc1)C2,307.19361442,0.8514492753623188,5,1,1
656,CC#CC(CC)OC(=O)CCCCCCCCC(=O)OCCCCCCCCCCCCC,464.386560144,0.9981884057971014,1,1,1
657,CCCCCCCCCCN(C(=O)CCCC)C(C)CC,297.303164868,0.9945652173913043,1,1,1
658,CCCCOC(=O)C1CCN(C(=O)c2cccc(C)c2)CC1,303.18344366,0.9692028985507246,8,4,4
659,CCCCCCCCC/C=C/COC(=O)CCC(=O)Oc1ccccc1CCC,402.277009696,0.9420289855072463,27,7,7
660,COC(=O)/C=C/c1ccc(OC)cc1,192.078644244,0.9836956521739131,1,1,1
661,CCCCCCCCCCC#CCOC(=O)CCCC(=O)Oc1ccc(Cl)cc1C,434.22238727999996,0.980072463768116,2,2,2
662,CCCCCC(=O)NCC(=O)OC(C)C,215.152143532,0.9601449275362319,6,2,2
663,CCCOC(=O)CCCC(=O)NCc1ccc(C)cc1,277.167793596,0.9528985507246377,1,1,1
664,CCCCCCCCCCCCCOC(=O)C(C)(C)C(=O)OC1CCC(C)CC1,410.33960995199993,1.0,1,1,1
665,CCCCCCCCCCCCCCCCCCOC(=O)CCC(=O)OC(C)CCCC(C)C,482.4335103359999,0.9873188405797102,26,9,9
666,C=C(C)C#CC(OC(=O)CCCCC)C(C)CCC,264.208930136,0.907608695652174,3,1,1
667,CCCCCCOC(=O)CCCCCC(=O)Oc1c(Cl)cc(Cl)c2ccccc12,438.136464736,0.980072463768116,2,1,1
668,CCCCCCCCCCCCCCCCCOC(=O)C(NC(=O)c1cc(F)ccc1C(F)(F)F)C(C)C,545.349207244,0.9873188405797102,31,6,6
669,CCCC(C)N(CC)C(=O)Cc1ccccc1,233.177964356,0.9873188405797102,1,1,1
670,CCOC(=O)C=[N+]=[N-],114.042927432,0.9148550724637681,74,15,12
671,CCCCCCCCOC(=O)CCCC(=O)OCC(CCCC)CCOC,386.30322444399997,0.9963768115942029,2,1,1
672,CCCCOC(=O)CCCC(=O)OCc1cccc([N+](=O)[O-])c1,323.136887392,0.9891304347826086,3,1,1
673,C=C[Si](C)(OCCCCCC)OCCc1cccc(Cl)c1,326.14688431400003,0.9891304347826086,1,1,1
674,C[Si](C)(C)Oc1ccc2c(C(F)(F)F)cc(O[Si](C)(C)C)nc2c1,373.114116664,0.7898550724637681,4767,320,33
675,CC1COC2=C1C(=O)c1ccc3c(c1C2=O)CCCC3(C)C,296.14124449999997,0.7934782608695652,99999,907,99999
676,CCCCCCCOC(=O)CCCCC(=O)OCCC(C)CC,328.261359632,0.9927536231884058,3,2,2
677,C/C=C/CCCC(C)=O,126.104465068,0.9347826086956522,14,3,3
678,CCCCCCCCN(CCc1ccccc1)C(=O)c1cccc(C(F)(F)F)c1,405.22794924,0.8840579710144928,9,2,2
679,CCCCCCCCCCOC(=O)CCCC(=O)OCc1ccc(Cl)cc1Cl,430.167764864,1.0,1,1,1
680,CCCCCCCCCCO[Si](CC)(CC)Oc1ccccc1-c1ccccc1,412.27975704999994,0.9746376811594203,1,1,1
681,CCCCCCC(=O)NC1CCOC1=O,213.136493468,0.9692028985507246,3,1,1
682,COc1cccc2oc(-c3ccccc3)c(OC(=O)C(F)(F)F)c(=O)c12,364.055858112,0.9492753623188406,16,2,2
683,CCOC(=O)CCCC(=O)OCCOc1ccccc1,280.13107374000003,0.9927536231884058,1,1,1
684,CCCCCCCCCCCCCCCCOC(=O)CCCC(=O)OCC(F)(F)C(F)(F)C(F)(F)F,538.2893073319999,1.0,1,1,1
685,CCCCC1CCC(=O)O1,142.099379688,0.9221014492753623,53,12,2
686,CCOC(=O)COc1cc(-c2nn(C)c(OC(F)F)c2Cl)c(F)cc1Cl,412.020446916,0.657608695652174,22881,1093,167
687,COC(=O)NCCCCC(NC(=O)OC)C(=O)OC,276.13213636,0.8786231884057971,20,4,1
688,CC1CCc2ccccc21,132.093900384,0.9365942028985508,514,113,101
689,CCCCCOC(=O)CCCCCC(=O)Oc1cccc(Cl)c1,340.14413696,0.9963768115942029,1,1,1
690,C=CCC(C=C)OC(=O)CCCC(=O)OCC1CCCCC1,308.198759376,0.9456521739130435,135,31,29
691,COc1c(C=O)c(Br)c2c(c1OC)OCO2,287.96333548800004,0.9365942028985508,3,4,2
692,CCSc1nc(Cl)c2c(F)cccc2n1,242.008075156,0.7536231884057971,1783,744,159
693,CCCCCCCCCCCCCCCCCCO[Si](CC)(CC)OCCCc1ccccc1,490.420607626,0.8894927536231884,3,2,2
694,CCCCCCCCCCCOC(=O)C1CCN(C(=O)c2ccc(C(F)(F)F)c(F)c2)CC1,473.25530686,0.9963768115942029,1,1,1
695,CCCCCCCCCCCCCCCOC(=O)C1CCCCC1C(=O)OCCOC,440.3501746359999,1.0,1,1,1
696,CCc1ccc2sccc2c1,162.05032132,0.9692028985507246,3,2,2
697,CCCCOC(=O)N1CCCC1C(=O)OCC(C)C,271.17835828,0.9909420289855072,8,3,3
698,O=C(Nc1ccc2cc3ccccc3cc2c1)C(F)(F)F,289.0714486,0.9565217391304348,2,2,2
699,CCCCCCCCCC/C=C/CCO[Si](OCCCCCCCC)(c1ccccc1)c1ccccc1,522.389307498,0.980072463768116,8,4,4
700,CCCCCCCCOC(=O)C1CCCN1C(=O)c1cccs1,337.171164724,0.9764492753623188,2,1,1
701,CC(C)C(C)OC(=O)CCCC(=O)Oc1cc(Cl)cc(Cl)c1Cl,380.034892128,0.9945652173913043,1,1,1
702,CC(Cc1ccc2c(c1)OCO2)N[Si](C)(C)C(C)(C)C,293.181105634,0.8478260869565217,153,20,10
703,CCCC(C)N(CCC)C(=O)CBr,249.07282636,0.9583333333333334,16,3,3
704,CC(=O)Oc1c(Cl)cc(-c2ccccc2)cc1Cl,280.00578492,0.9492753623188406,1,1,1
705,CCC#CCCCCCCCCOC(=O)CCCC(=O)OCCCCCCCCCl,442.284987536,0.9836956521739131,1,1,1
706,CC[C@H]1CC[C@@H](C)CC1,126.14085057599999,0.9873188405797102,7,1,1
707,O=C1OCCC1n1ncnc1Cl,187.014854112,0.7771739130434783,7313,1827,523
708,CCCCCCCO[Si](CC)(CC)OCc1ccc(Cl)cc1,342.17818444200003,0.9873188405797102,1,1,1
709,CCC(C)(C)C(=O)OC,130.099379688,0.9565217391304348,15,4,4
710,COc1ccc(Cl)cc1NC(=O)CCCC(=O)OCC(C)C,327.12373586399997,0.9492753623188406,8,2,2
711,CCCCCCCCCCCCCCCCOC(=O)CCCC(=O)NCc1cc(C(F)(F)F)cc(C(F)(F)F)c1,581.33036362,0.9963768115942029,1,1,1
712,CCC(OC(=O)/C=C/C(=O)Oc1ccccc1OC(C)C)C(C)C,334.17802393200003,0.9583333333333334,4,3,2
713,Cc1ccc(S(=O)(=O)Oc2ccc(Cl)cc2Cl)cc1,315.97277054,0.9728260869565217,2,2,2
714,C=C1CCC2(C(C)C)CC12,136.125200512,0.9583333333333334,151,76,74
715,CCC(C)CO[Si](C)(C)O[Si](C)(C)OCC(C)CC,306.204648008,0.9619565217391305,48,6,6
716,CCCCCCCCCCCCCO[Si](C)(C)OCC(Cl)(Cl)Cl,404.14718992999997,0.9945652173913043,1,1,1
717,CCCCCCCCCCCCOC(=O)CC(=O)OC(CCC)CCC,370.308309824,0.9981884057971014,1,1,1
718,Clc1cccc2c1Oc1ccccc1O2,218.013457144,0.8260869565217391,1330,298,136
719,CCCCCCCCCCCCCCCCCC(=O)O[Si](C)(C)C(C)(C)C,398.35800737,0.980072463768116,1,1,1
720,Cc1noc(CO)n1,114.042927432,0.8659420289855072,3375,582,357
721,Cc1cc(C)cc(OC(=O)c2ccc([N+](=O)[O-])cc2)c1,271.084457896,0.9619565217391305,11,5,5
722,CC#CC(CC)OC(=O)c1cccc(C(=O)OCC(C)C)c1,302.151809184,0.9637681159420289,11,4,4
723,C#CCOC(=O)N1CCCCC1C(=O)OCCCCCCCCCCC,365.2566086,0.9655797101449275,1,1,1
724,CCCCCCCCCCCCCCCC(=O)OCC(CO)O[Si](C)(C)C,402.31653648199995,0.967391304347826,10,1,1
725,COc1cc(/C=C/C(=O)OCC(CO[Si](C)(C)C)O[Si](C)(C)C)ccc1O,412.173741804,0.8152173913043478,1202,86,30
726,CCCCC(NC(=O)CNC(=O)OC)C(=O)O,246.121571676,0.9329710144927537,38,2,1
727,CCCCCCCCCCCOC(=O)C1CCCCC1C(=O)OCCOC,384.2875743799999,1.0,1,1,1
728,O=C(CCCCCC(=O)OCCCc1ccccc1)OCCCc1ccccc1,396.230059504,0.9420289855072463,99999,1,99999
729,CCCCCCCCCCCCCCCCCOC(=O)CCCCC(=O)OC(CC)CCC,468.417860272,0.9981884057971014,1,1,1
730,CCCCCCCCCCCCCCCCCCOC(=O)C1CCCN1C(=O)c1c(F)c(F)c(F)c(F)c1F,561.3241353679999,0.9637681159420289,1,1,1
731,C=C[Si](C)(OCCCCCCCC)O[Si](C)(C=C)OC(C)C1CCCC1,398.26724826399993,0.9782608695652174,84,21,10
732,CCCCCCCCCC(CC)OC(=O)c1cc(F)ccc1C(F)(F)F,376.202543016,0.9909420289855072,3,2,2
733,C[Si](C)(C)OCC(O[Si](C)(C)C)C1OC(=O)C(O[Si](C)(C)C)=C1O[Si](C)(C)C,464.19019512,0.8478260869565217,258,19,5
734,C[Si](C)(C)OC(=O)/C=C/c1ccc(O[Si](C)(C)C)cc1,308.126397688,0.9456521739130435,7,2,2
735,COC(=O)C(COC(C)(C)C)NC(=O)OC(C)C,261.15762283600003,0.9619565217391305,1,1,1
736,CCCCCCCCOC(=O)C1CCN(C(=O)c2cccc(Br)c2)CC1,423.14090591999997,0.9764492753623188,1,1,1
737,CCCCC/C=C\CCOC(=O)CCCCC(=O)OCC(C)C,326.245709568,0.9655797101449275,53,18,18
738,O=C(NC1C2CC3CC(C2)CC1C3)C(F)(F)C(F)(F)C(F)(F)F,347.112011672,0.7210144927536232,10816,1751,136
739,Cc1c(Br)c(C(F)(F)F)nn1C,241.966644952,0.8278985507246377,362,41,13
740,COc1ccc(CCNC(=O)c2ccccc2)cc1,255.125928784,0.8695652173913043,631,259,97
741,CC(C)c1cc(O)cc(C(C)C)c1,178.135765196,0.9166666666666666,78,12,11
742,CCCCCCCCCCOC(=O)c1ccc(C(=O)OCc2cc(F)cc(F)c2F)cc1,450.201794068,1.0,1,1,1
743,CC(C)COC(=O)c1ccc(C(=O)OCCc2ccccc2F)cc1,344.14238737200003,0.9619565217391305,18,5,5
744,CCCCCCOC(=O)C1CCN(C(=O)OCCCC)CC1,313.225308472,0.9909420289855072,1,1,1
745,CCCCCCCCCCCCOC(=O)CCCCC(=O)OC(C)C(C)=O,384.2875743799999,0.9764492753623188,237,59,58
746,CCCCOC(=O)CCCC(=O)OCCOc1c(F)c(F)c(F)c(F)c1F,398.11526480800006,0.9927536231884058,1,1,1
747,C=C[Si](C)(OCCCCCCCC)O[Si](C)(C=C)OC(CCC)CCCC,414.29854839199993,0.9927536231884058,1,1,1
748,C=CCCCOC(=O)CCCCC(=O)OCCCCCCCCCCCCCCCC,438.37091008,1.0,1,1,1
749,COc1nonc1C#N,125.022526336,0.8931159420289855,99999,11,99999
750,CCCCCCCCCCCC(=O)N(CCC)CCCCCCCCCC,381.397065252,0.9981884057971014,1,1,1
751,CCCCCCCCCOC(=O)C1CCN(C(=O)CC(C)C)CC1,339.277344044,0.9619565217391305,7,2,2
752,COC(=O)C=C(C)C,114.06807956,0.9818840579710145,1,1,1
753,CCCCCCCCOC(=O)C(F)(F)C(F)(F)F,276.114870884,0.9963768115942029,1,1,1
754,CCCCCCCCCCCCCCCCOC(=O)C1CCCN1C(=O)OCCCC,439.366159048,0.9836956521739131,1,1,1
755,CCC(OC(=O)/C=C/C(=O)OCc1ccc(Cl)cc1)C(C)C,324.112836832,0.9456521739130435,1,1,1
756,CCCCCCCCCCC#CCOC(=O)CCCC,280.240230264,0.8913043478260869,206,38,36
757,O=C1CN=C(c2ccccc2F)c2cc(Cl)ccc2N1,288.04656884,0.8007246376811594,865,166,83
758,O=C(N1CCN2c3ncccc3Cc3ccccc3C2C1)C(F)(F)Cl,363.094996252,0.8731884057971014,2,1,1
759,CCCCCCCCCCCOC(=O)CCCCCC(=O)OCCCCC,384.32395988799993,0.9981884057971014,1,1,1
760,CCCCCCCCCCCCCOC(=O)CCCC(=O)OCc1ccc(Cl)cc1[N+](=O)[O-],483.2387656159999,0.967391304347826,3,2,2
761,CCOC(=O)c1cc([N+](=O)[O-])cc([N+](=O)[O-])c1,240.038235976,0.967391304347826,1,1,1
762,COCC(=O)N1CCOCC1,159.089543276,0.9402173913043478,1,1,1
763,CCCCCCCCCCCCOP(=O)(OCC(C)CC(C)(C)C)c1ccccc1,438.326281994,0.9981884057971014,1,1,1
764,Cc1nc(CC(C)C)sc1C,169.09252048,0.9293478260869565,25,5,5
765,CC(C)=CCCC(C)C12CCC(C)(O)C1C2,222.198365452,0.9855072463768116,1,1,1
766,CCCCCCCCCCCCCCCOC(=O)CCCCCCCCC(=O)OCC(C)C,468.417860272,0.9981884057971014,1,1,1
767,CCCCCCOC(=O)c1c(F)c(F)c(F)c(F)c1F,296.08357075600003,0.9710144927536232,2,2,2
768,CCCCCCCCCCCCCCN(CCc1ccccc1)C(=O)c1ccccc1C,435.35011505999995,0.7753623188405797,851,343,41
769,CCCCCCCCCCOC(=O)CCCCCCCCC(=O)OCc1ccc(OC)cc1,462.3345245719999,0.9891304347826086,1,1,1
770,CC(OC(=O)CCCC(=O)OC1CC2CCC1C2)C(F)(F)F,322.13919381200003,0.9637681159420289,2,2,2
771,CCCCCCCCCCN(C(=O)CCc1ccccc1)C(C)CCC,359.318814932,0.980072463768116,17,4,4
772,Cc1cc(C)nc(C)c1,121.08914935199999,0.9166666666666666,2,2,1
773,CC(C)c1cccc(C(C)C)c1,162.140850576,0.9619565217391305,1,1,1
774,NN(c1ccccc1)c1ccccc1,184.100048384,0.9456521739130435,1,1,1
775,CCOC(=O)CCCCCCCCC(=O)OCCCC(C)C,314.245709568,0.9873188405797102,1,1,1
776,CCCCCCCCCC(CCC)OC(=O)c1ccc(F)cc1F,340.22138664,0.9963768115942029,1,1,1
777,CCCCCCCCCCCCCCCCCCOC(=O)C1CCCN1C(=O)OCCCC,467.397459176,0.9927536231884058,1,1,1
778,CC(C)COC(=O)CCC(=O)OCc1cc(F)c(F)c(F)c1F,336.098471872,0.9692028985507246,10,2,2
779,CN1CCC(CBr)CC1,191.030961548,0.9166666666666666,34,2,1
780,C[Si](C)(C)OCC(=O)C(O[Si](C)(C)C)C(O[Si](C)(C)C)C(CO[Si](C)(C)C)O[Si](C)(C)C,540.261022034,0.9202898550724637,98,17,17
781,CCCCC(CC)COC(=O)CCCC(=O)Oc1ccccc1OC,350.20932406,0.9728260869565217,2,1,1
782,CCCCCCCCCCCCCC1CCCCC1,266.297351216,0.9148550724637681,1,1,1
783,CCCCCCCCN(C(=O)C(C)C)C(C)CC,255.256214676,0.9818840579710145,6,3,3
784,COc1ccc(C2CCC(OC(=O)CCC(=O)OCC3CCCCC3)CC2)cc1,402.240624188,0.9528985507246377,2,1,1
785,O=C(Oc1ccc(Cl)cc1)c1ccc(F)cc1F,268.01026358400003,0.9746376811594203,18,7,1
786,C=C[Si](C)(OCCCCCCC)OCC(CC)CC,286.232806858,0.9909420289855072,4,3,3
787,CCCCCCCCCCCBr,234.098312836,1.0,1,1,1
788,CCCCCCCCCCCCCCO[Si](CC)(CC)OC(CCC)CCCC,428.40495756199994,0.9945652173913043,14,4,4
789,CCC#CCCCCCCCCO[Si](C)(C)O[Si](C)(C)OCc1ccccn1,421.246847168,0.7590579710144928,3053,65,13
790,CCCCC(CC)OC(=O)CCCCC(=O)OCCC,286.21440944,0.9873188405797102,6,3,3
791,CCCCCCCCCCCCCCCCCCCCOC(=O)c1cc(C(F)(F)F)ccc1C(F)(F)F,538.324549968,0.9637681159420289,1,1,1
792,CCCCCCCCCCCCCCOC(=O)c1cccc(C(=O)OCCC(C)C)n1,433.319208856,0.9873188405797102,32,7,7
793,C=C[Si](C)(OCCCCC)OCCCCCCCCCCCC,342.29540711399994,0.9945652173913043,1,1,1
794,CCCCCCCOC(=O)CCCCCC(=O)OCc1ccc(OC)cc1,378.24062418799997,0.9891304347826086,5,1,1
795,COC(=O)C(COC(=O)c1cccc(C(F)(F)F)c1)NC(=O)c1cccc(C(F)(F)F)c1,463.08544190000003,0.8260869565217391,736,8,4
796,C1CN2CN3CCCN3CN2C1,168.13749651199998,0.9329710144927537,3,2,2
797,CCCCOC(=O)c1ccc(C(=O)OCc2cccc(F)c2)cc1,330.12673730800003,0.9420289855072463,2,2,2
798,CCCCCOC(=O)CCCCCC(=O)OCCC(C)CCCC(C)C,370.308309824,0.9927536231884058,16,5,5
799,CCCCCCCCCCCCCCCOC(=O)CCCCC(=O)OCC(Cl)Cl,452.24601518399993,0.9981884057971014,1,1,1
800,CC(=O)C(C)(C)C,100.088815004,0.9601449275362319,3,1,1
801,Cc1ccc(C(=O)OC(=O)C(F)(F)F)cc1,232.034728744,0.8804347826086957,247,20,11
802,O=C(Oc1ccc(Cl)cc1)c1cccc(Br)c1,309.93961927600003,0.9583333333333334,18,7,7
803,CCCCCCCCC(C)OC(=O)/C=C/C(=O)Oc1c(Cl)cc(Cl)cc1Cl,434.08184232,0.9836956521739131,1,1,1
804,CCCCCCCCCCOC(=O)N(C)C(C)C(=O)OCCCCC,357.287908728,0.9963768115942029,1,1,1
805,CC(O[Si](OC(C)C(C)(C)C)(c1ccccc1)c1ccccc1)C(C)(C)C,384.248456922,0.9329710144927537,164,43,31
806,CCCCCCOC(=O)C(C)(C)C(=O)Cl,234.102272148,0.967391304347826,2,2,2
807,CCCCC/C=C/CCCOC(=O)/C=C/C(=O)OCCCCCCCCCCCCC,436.355260016,0.9945652173913043,1,1,1
808,COCn1c(Br)nnc1-n1ccnc1,256.991221976,0.9094202898550725,3,3,3
809,O=C(Oc1ccc(OC(=O)C(F)(F)F)c(-c2ccccc2)c1)C(F)(F)F,378.032678056,0.9184782608695652,3,1,1
810,COc1ccccc1OC(=O)CCC(=O)Oc1ccccc1F,318.09035180000006,0.980072463768116,1,1,1
811,CCCCCCOC(=O)C1CCCCC1C(=O)Oc1c(OC)cccc1OC,392.21988874399995,0.9855072463768116,5,2,2
812,CCCCCCCCCCCC(C)OC(=O)c1ccc(F)c(F)c1,340.22138664,0.9855072463768116,1,1,1
813,CCCCCCCCCCCCCCC(CCCCCCC)O[Si](C)(C)C,398.39439287799996,0.980072463768116,1,1,1
814,CC1CCC2C(C)(C)CC=CC2(C)O1,194.167065324,0.8876811594202898,1245,164,105
815,CC(C)(C)C(=O)Oc1cc(C(F)(F)F)nc2c(F)cccc12,315.08824153600006,0.802536231884058,2102,221,57
816,CCCCCCCN(Cc1ccccc1)C(=O)/C=C/c1cccc(C(F)(F)F)c1,403.212299176,0.9764492753623188,1,1,1
817,CCCCOC(=O)CCCC(=O)OC(CC)CCC(CC)CC,328.261359632,0.9873188405797102,1,1,1
818,CCCCCOC(=O)CN(C)C(=O)c1ccccc1OC,293.162708216,0.9384057971014492,3,1,1
819,CCCCC/C=C/CCCO[Si](C)(C)OCCCCCCCCCCCCC,412.37365743399994,0.9855072463768116,1,1,1
820,CC(C)CCOCc1c(Cl)cccc1Cl,246.057820492,0.9782608695652174,3,3,3
821,CCCCCCCCCCCCCCCCOC(=O)C1CCCN1C(=O)OCCC,425.350508984,0.9963768115942029,1,1,1
822,CCCCCOC(=O)CCCCCCCCC(=O)OCC(C)CCOC,372.28757437999997,0.9963768115942029,1,1,1
823,CC(C)C(OC(=O)CCCC(=O)OC(C(C)C)C(C)C)C(C)C,328.261359632,0.9782608695652174,23,11,10
824,CCCCCCCOC(=O)c1cccc(C(=O)OCCCCCCCl)c1,382.191087152,0.9963768115942029,1,1,1
825,CCCCC(CC)COC(=O)CCCC(=O)OCC1=C(C)CCCC1,352.261359632,0.9583333333333334,7,3,2
826,Cc1ccc(S(=O)(=O)N(C)C(=O)c2ccccc2)cc1,289.07726434,0.8496376811594203,538,72,35
827,CCCCCCCCCCCOC(=O)CN(C)C(=O)c1ccc(OC)cc1,377.2566086,0.9420289855072463,1,1,1
828,C=CCCCO[Si](OCCCCCCCCCCCC)(c1ccccc1)c1ccccc1,452.311057178,1.0,1,1,1
829,O=C(Nc1ccc(F)cc1)C(Cl)Cl,220.981047392,0.8568840579710145,80,16,7
830,CCCCCCCCCCCCCCCC(=O)OCC,284.271530392,0.9963768115942029,1,1,1
831,CCCCCCCOC(=O)CN(C)C(=O)c1ccc(F)cc1,309.174021848,0.9456521739130435,8,2,2
832,CC/C=C\CCOC(=O)CCCC(=O)OCC,242.151809184,0.9945652173913043,3,1,1
833,CC(=O)Cc1ccc(O[Si](C)(C)C)cc1,222.107606346,0.947463768115942,1,1,1
834,CCCCC(CC)CN(CC(CC)CCCC)C(=O)c1cc(F)c(F)c(OC)c1F,429.28546411599996,0.8586956521739131,3,1,1
835,CC(C)COC(=O)CCCCCC(=O)OCCc1ccccc1,320.198759376,0.9402173913043478,80,15,15
836,CC(C)CCCOC(=O)C1CCCN1C(=O)c1cc(F)ccc1C(F)(F)F,389.161406476,0.9547101449275363,48,13,8
837,CCCOC(=O)CCCC(=O)OCc1ccc(Br)cc1,342.04667118800006,0.9945652173913043,2,2,2
838,CCOCCO[Si](OCCCC(C)C)(c1ccccc1)c1ccccc1,372.212071414,0.8822463768115942,194,38,34
839,C=CCCCCCCCCOC(=O)CCC(=O)OC(C)CCCCC,354.277009696,0.9836956521739131,1,1,1
840,C=CCCCCOC(=O)CCC(=O)Oc1c(F)cccc1Cl,328.087764956,0.9836956521739131,1,1,1
841,CCCCCCCCC/C=C/C=C/C(=O)NCC(C)C,279.256214676,0.9202898550724637,1,1,1
842,CC(=O)OC(C)C(OC(C)=O)C(OC(C)=O)C(C#N)OC(C)=O,329.111066568,0.9510869565217391,39,1,1
843,CC(C)CCCOC(=O)c1cccc(C(=O)Oc2cc(Cl)cc(Cl)c2Cl)c1,428.034892128,0.9420289855072463,158,18,14
844,Cn1c2ccccc2c(=O)c2c(O)cccc21,225.078978592,0.8568840579710145,249,86,11
845,C=CCC(C)OC(=O)/C=C/C(=O)OCCCCCCCCCCCCCC,380.29265976,0.9710144927536232,137,37,37
846,COC(=O)c1ccccc1N,151.063328528,0.9637681159420289,1,1,1
847,C[C@@H]1CC[C@@H](C)S1,116.065971384,0.9782608695652174,6,4,4
848,CCCC(OC(=O)CCCC(=O)OC(C)C(C)C)C(C)C,300.230059504,0.9818840579710145,12,6,6
849,CCCCO[Si](C)(C)OCC(C)Cl,224.09993412199998,0.9728260869565217,1,1,1
850,CCCCCCC(C)OC(=O)C(C)(C)C(=O)OCC(C)C,300.230059504,0.9619565217391305,10,4,4
851,CCCCCCCCCCCCCCCCOC(=O)CCCC(=O)OC(C)c1c(F)cccc1F,496.33641639199993,0.9963768115942029,1,1,1
852,CCOC(=O)CCC(=O)OC(C)C(C)=O,216.099773612,0.9710144927536232,11,5,5
853,CCCCCCCCCCCCCCCCCCCOC(=O)CCC(=O)OC(CC)CCCC,482.4335103359999,0.9981884057971014,1,1,1
854,C=C[Si](C)(OCC)O[Si](C)(C=C)OC(CCC)CCCC,330.204648008,0.9565217391304348,10,4,4
855,CCC(CC)COC(=O)/C=C/C(=O)Oc1ccccc1F,294.12673730800003,0.9619565217391305,8,4,4
856,CCCCCCOC(=O)CCCC(=O)OCc1cc(F)ccc1Br,402.08419956800003,1.0,1,1,1
857,C=C[Si](C)(OCCCCCCCCCCC)OC1CCCCC1C,354.29540711399994,0.9909420289855072,1,1,1
858,COc1cc(C(O)CN(C)[Si](C)(C)C(C)(C)C)ccc1O[Si](C)(C)C(C)(C)C,425.278147296,0.8387681159420289,19,6,2
859,CCC#CCCCCCCCCO[Si](CC)(CC)OCCCC,340.27975704999994,0.9021739130434783,3,1,1
860,CC(C)(C)[Si](C)(C)OC(=O)CCCCC(=O)O[Si](C)(C)C(C)(C)C,374.23086275599996,0.9547101449275363,7,3,2
861,O=C(O)C1CC1c1ccc(Cl)cc1,196.029107208,0.8804347826086957,968,250,121
862,COc1cc(/C=C\C(=O)OCc2ccccc2)ccc1O,284.104858992,0.8677536231884058,154,39,27
863,CCCCN(CC)C(=O)C(Cl)Cl,211.05306946,0.9710144927536232,5,1,1
864,CCOC(=O)CCCC(=O)Oc1cc(Cl)c(Cl)c(Cl)c1Cl,371.948969584,0.9963768115942029,2,2,2
865,CCCCCCCCCCOC(=O)CCCC(=O)Oc1ccccc1F,366.220637692,0.9963768115942029,1,1,1
866,CCCCCCCCCCOC(=O)c1ccccc1C(=O)OC(C(C)C)C(C)C,404.29265975999994,0.9909420289855072,38,10,10
867,Oc1c(F)cccc1Cl,145.993470648,0.967391304347826,3,3,3
868,C=C[Si](C)(OCCCCCCCCCCCCCCCCCC)OC(C)C1CCCCC1,466.420607626,0.9746376811594203,31,20,9
869,CCCCCCCCCCCCCCCOC(=O)C(C)c1ccc(CC(C)C)cc1,416.365430776,0.9836956521739131,99999,1,99999
870,COCCOCCOC(=O)c1ccccc1C(=O)O[Si](C)(C)C(C)(C)C,382.18116521,0.9438405797101449,1,1,1
871,CCCCCCCCOC(=O)CCCC(=O)Oc1ccccc1CCC,362.245709568,0.9981884057971014,1,1,1
872,O=C(OCCCCCCCCCl)c1ccc(C(F)(F)F)c(F)c1,354.100970408,0.9818840579710145,2,1,1
873,CC(C)=CC/C=C(/C)C1CC=C(C)CC1,204.187800768,0.9692028985507246,57,52,52
874,CCCCCCCCCCCCOC(=O)CCC(=O)OCCCCCCCCCl,432.3006376,0.9945652173913043,1,1,1
875,CCCC/C=C/C(C)OC(=O)c1ccccc1Cl,266.107357528,0.9347826086956522,3,2,2
876,CCCCCCCCCCCCCCCOC(=O)CCC(=O)OCc1c(F)cccc1C(F)(F)F,504.28627263999994,0.9981884057971014,1,1,1
877,COc1ccc(S)cc1,140.029585876,0.9818840579710145,2,2,2
878,CC(C)(C)c1cccc(OC(=O)C(F)(F)F)c1,246.086764316,0.9655797101449275,12,3,3
879,CCCCCCCCCCCCCCOC(=O)CCCC(=O)OC(CC)C(C)(C)C,426.37091007999993,0.9945652173913043,99999,2,99999
880,C=C(C)CCOC(=O)CCC(=O)OCCCCCCCCCCCCCCC,396.323959888,0.9981884057971014,1,1,1
881,COC(=O)c1cccc(OC)c1OC,196.073558864,0.9746376811594203,1,1,1
882,C=CCCOC(=O)CCC(=O)Oc1ccccc1F,266.09543718000003,0.9836956521739131,1,1,1
883,CCCCC/C=C/CCCOC(=O)CCCCCCCCC(=O)OCCCC,396.32395988799993,0.9981884057971014,1,1,1
884,CCCCCCCCCOC(=O)CCC(=O)OC(C)C(C)(C)C,328.261359632,0.9891304347826086,23,6,6
885,CCCCCCCCCCCCCCCCCO[Si](C)(C)Oc1cccc(Cl)c1,440.28773488999997,0.9130434782608695,10,3,3
886,C=C(C)CCOC(=O)CC(C)C,170.130679816,0.9329710144927537,12,4,4
887,CC(C)(C)[Si](C)(C)Sc1cccc(Cl)c1,258.066525818,0.947463768115942,1,1,1
888,CC(C)(C)COCc1cc(F)c(F)c(F)c1,232.10749976,0.9601449275362319,1,1,1
889,CCCC(=O)OC1CCC2(C)C(CCC3C4CCC(=O)C4(C)CCC32)C1,360.26644501199996,0.9547101449275363,99999,2,99999
890,Cc1ncc(CO[Si](C)(C)C)c(C(=O)O[Si](C)(C)C)c1O[Si](C)(C)C,399.17173812600004,0.8315217391304348,348,25,12
891,CCCCCCCO[Si](C)(C)OCC1CCCO1,274.19642135,0.9692028985507246,7,2,2
892,Cc1cc(O[Si](C)(C)C)ccc1O[Si](C)(C)C,268.13148306799997,0.9836956521739131,2,2,2
893,CCCCCCCCCCCOC(=O)C(NC(=O)c1c(F)cccc1C(F)(F)F)C(C)C,461.25530686,0.9855072463768116,20,6,6
894,CC/C=C/CC(=O)O,114.06807956,0.8641304347826086,3332,558,428
895,C=C1CCC2C(C1)c1c(OC(=O)C(F)(F)Cl)cc(CCCCC)cc1OC2(C)C,426.177328908,0.8188405797101449,74,7,1
896,CCc1cc2c(-c3ccccc3)cc(=O)oc2cc1OC(=O)C(C)(C)C,350.15180918399994,0.9039855072463768,16,9,1
897,CN(C)c1cccc2c(S(=O)(=O)Oc3cc(Cl)ccc3Cl)cccc12,395.01496970000005,0.9927536231884058,2,2,2
898,COC(=O)CC(C(=O)OC)N(C)C,189.10010796,0.9420289855072463,3,1,1
899,COc1ccc(-c2coc3cc(O)ccc3c2=O)cc1,268.073558864,0.8786231884057971,36,11,4
900,C#CC(C)OC(=O)/C=C/C(=O)OCC(C)CC(C)(C)C,280.167459248,0.8623188405797102,1079,118,63
901,CCCCCCCOC(=O)C(NC(=O)c1ccc(F)cc1C(F)(F)F)C(C)C,405.192706604,0.9710144927536232,9,3,3
902,CCCCCOC(=O)CCCCCC(=O)Oc1ccccc1C,320.198759376,0.9963768115942029,1,1,1
903,CCC(C)C(O)C(=O)O,132.078644244,0.9202898550724637,126,24,22
904,CCCCCCCCC(CCC)OC(=O)c1ccc(F)cc1F,326.205736576,0.9945652173913043,1,1,1
905,CCCCCCCOC(=O)CCCCCCCCC(=O)OCC=C(C)C,368.29265976,0.9945652173913043,1,1,1
906,CCCCCCCCCCCCCCCCCOC(=O)C(C)(C)C(=O)Oc1ccccc1OC(C)C,504.3814747639999,0.9945652173913043,1,1,1
907,O=C(Sc1ccc(F)cc1Br)C(F)(F)C(F)(F)F,351.899217136,0.9402173913043478,1,1,1
908,CCC1(CCC(C)(C)O)C(=O)NC(=O)NC1=O,242.126657056,0.782608695652174,6946,1270,300
909,C[Si](C)(C)Oc1ccc2ccccc2c1,216.09704166199998,0.9365942028985508,2,1,1
910,CCCCCCCCCCCOC(=O)C(C)(C)C(=O)OC1CCC(C)CC1,382.308309824,1.0,1,1,1
911,CCCCCCCCOC(=O)c1ccc(C(=O)OC(C)CCCC(C)C)cc1,390.277009696,0.9873188405797102,31,8,8
912,C=CCC1(CC(C)C)C(=O)NC(=O)NC1=O,224.116092372,0.927536231884058,2,1,1
913,CCCCCCCCCCCOC(=O)C1CCN(C(=O)c2cccc(C)c2)CC1,401.292994108,0.9891304347826086,9,3,3
914,C#CCCOC(=O)N(C)C(C(=O)OCCCCCCCCCCCCCC)C(C)C,423.33485892,0.9818840579710145,1,1,1
915,CC(C)OC(=O)C(C)c1ccccc1,192.115029752,0.9166666666666666,99999,9,99999
916,C=CCc1ccc(O)cc1,134.07316494,0.9257246376811594,2,1,1
917,CCCCCCCCCOC(=O)CCCCCC(=O)OCCCC,342.277009696,0.9927536231884058,99999,1,99999
918,CC(C)CC(C)OC(=O)c1c(F)c(F)c(F)c(F)c1F,296.08357075600003,0.9818840579710145,1,1,1
919,CCCC/C=C/C(C)O[Si](CCCC)(CCCC)CCCC,326.30049249399997,0.9456521739130435,4,2,2
920,CC(C)CC(C)O[Si](C)(C)c1c(F)c(F)c(F)c(F)c1F,326.112532858,0.9039855072463768,4,1,1
921,CCCCCCCCCOC(=O)c1ccccc1C(=O)OCC(Cl)Cl,388.120814672,0.9927536231884058,1,1,1
922,CC(C)OCc1c(F)cccc1Cl,202.056070904,0.9239130434782609,5,1,1
923,CCCCCCCCO[Si](CC)(CC)OCCCC,288.248456922,0.9365942028985508,67,22,22
924,COc1ccc(O[Si](C)(C)C(C)(C)C)c(Cl)c1,272.09993412200004,0.8913043478260869,304,56,42
925,CCc1ccc(C(=O)OCCC23CC4CC(CC(C4)C2)C3)cc1,312.208930136,0.9257246376811594,2,1,1
926,C=C(C)C#CC(CC(C)C)OC(=O)c1cccc(C(=O)OCC(C)C)c1,356.198759376,0.9565217391304348,9,2,2
927,CCCN(C(=O)CCCCCl)C(C)CC,233.154642068,0.9329710144927537,5,2,2
928,CCCCCOC(=O)CCC(=O)OCc1ccc(Cl)cc1[N+](=O)[O-],357.09791504,0.9764492753623188,2,2,2
929,CCCCC(CC)CN(C(=O)CCl)C(C)CC,261.185942196,0.9710144927536232,18,5,5
930,CCCCCCCCCCCCCCCOC(=O)c1c(F)cccc1C(F)(F)F,418.249493208,0.9927536231884058,9,3,3
931,CCCCCCCCOC(=O)c1ccccc1C(=O)OCCc1ccccc1F,400.204987628,0.9891304347826086,1,1,1
932,CCCCCCCCC(CCCC)OC(=O)c1cc(C(F)(F)F)ccc1C(F)(F)F,440.21499952,0.9855072463768116,3,2,2
933,CCCCCCOC(=O)CCCCCCCCC(=O)OCCOC,344.25627425199997,0.9963768115942029,1,1,1
934,C=C[Si](C)(OCCCCCC)OCCc1cccc(Cl)c1,326.14688431400003,0.9891304347826086,1,1,1
935,Oc1c(Br)cc(Br)c(Br)c1Br,405.68391308400004,0.9909420289855072,1,1,1
936,CCCCOC(=O)N(C)CC(=O)OCC(C)C,245.162708216,0.9619565217391305,26,7,7
937,COCC1OCC(OC(C)=O)C(OC)C1OC,248.12598836,0.980072463768116,1,1,1
938,CCCCCCCCCCCCCCOC(=O)C(C)(C)C(=O)OCC(CC)CCCC,440.38656014399993,0.9981884057971014,1,1,1
939,C=C[Si](C)(Oc1ccccc1C)Oc1ccccc1C,284.12325640999995,0.8840579710144928,299,41,11
940,COCc1cc(C(C)(C)C)cc2c1OC(C)(C)OC2,264.172544628,0.875,377,46,22
941,C[Si](C)(Oc1ccc(F)cc1Br)c1c(F)c(F)c(F)c(F)c1F,413.951022858,0.8713768115942029,297,18,3
942,Cc1ccccc1OC(=O)CCCC(=O)Oc1c(F)cccc1Cl,350.072114892,0.9963768115942029,1,1,1
943,c1ccc(SSc2ccccc2)cc1,218.02239232,0.9710144927536232,3,1,1
944,CCCCCCCCOC(=O)NC1(C(=O)OCCCC)CCCC1,341.2566086,0.9909420289855072,1,1,1
945,Cc1ccc(S(=O)(=O)Oc2cccc(Cl)c2)cc1,282.01174289200003,0.9565217391304348,1,1,1
946,CCCCCCOC(=O)c1ccccc1C(=O)OC(C)C(C)(C)C,334.21440944,0.9836956521739131,19,8,8
947,CCCCCCCCCCCOC(=O)CCCC(=O)Oc1cc(Cl)cc(Cl)c1Cl,464.128792512,1.0,1,1,1
948,CC(C)C(=O)Nc1ccc(Cl)c(Cl)c1,231.021769332,0.9365942028985508,1,1,1
949,CCOCCCCOCC,146.130679816,0.9710144927536232,1,1,1
950,COc1cc(F)ccc1OC(=O)CCCC(=O)OCC1CCCCC1,352.16860212000006,0.9746376811594203,1,1,1
951,CCC#CC(CC(C)C)O[Si](C)(C)OCCCCCC,298.23280685799995,0.9293478260869565,150,35,35
952,CCCCCCCCCCN(C(=O)C(Br)CCCC)C(C)CCC,403.244977064,0.9836956521739131,1,1,1
953,CCOC(=O)CCC(=O)OCc1ccc(CCl)cc1,284.08153670400003,0.9764492753623188,1,1,1
954,CC(C)COC(=O)CCC(=O)OCc1ccc(C(F)(F)F)cc1,332.12354374800003,0.9764492753623188,1,1,1
955,O=C(Nc1ccccc1F)c1cccc2ccccc12,265.090292224,0.8913043478260869,31,10,3
956,CCCCCCCCCCCCOC(=O)CCC(=O)OC(C)CCCCCCCC,426.37091008,1.0,1,1,1
957,CCCCCCCCOC(=O)c1cccc(C(F)(F)F)c1F,320.13994276,0.9963768115942029,5,2,2
958,O=C(CCCC(=O)Oc1cc(Cl)ccc1Cl)Oc1ccccc1F,370.01749247600003,0.9945652173913043,5,4,4
959,COC(=O)/C=C/c1ccc(OC)cc1,192.078644244,0.9836956521739131,1,1,1
960,CC(C)=CCCC(C)CC(=O)OCc1cccnc1,261.172878976,0.9728260869565217,1,1,1
961,CCCCCCCCCCCCCOC(=O)CCCC(=O)Oc1cccc(Cl)c1,424.23803734399996,0.9981884057971014,1,1,1
962,CC[Si](CC)(OCc1c(Cl)cc(Cl)cc1Cl)OCc1c(Cl)cc(Cl)cc1Cl,503.92072242599994,0.9420289855072463,99999,1,99999
963,CC(C)CCCOC(=O)CCCC(=O)Oc1ccccc1-c1ccccc1,368.198759376,1.0,1,1,1
964,CCCCCCCCCCCCOC(=O)CCCCCC(=O)OCCC,370.30830982399993,0.9981884057971014,1,1,1
965,CCOCCOC(=O)CCCC(=O)OCC(C)C,260.16237386800003,0.9692028985507246,21,6,6
966,CCCCCCCC(CCCC)C1CCCCC1,252.28170115199998,0.9746376811594203,11,4,4
967,CC(C)C(=O)Oc1cccc2cccc(O)c12,230.094294308,0.9764492753623188,3,2,2
968,CCC(C)CCCC(C)C,142.172150704,0.9963768115942029,2,1,1
969,C=CCCCCCCCCOC(=O)CCCC(=O)OCCCCCCCCCCCl,444.3006376,0.9637681159420289,14,2,2
970,CCCCCOC(=O)CCCC(=O)OCc1cc([N+](=O)[O-])cc([N+](=O)[O-])c1C,396.15326572799995,0.9710144927536232,1,1,1
971,O=C(Oc1c(F)c(F)c(F)c(F)c1F)c1ccc(C(F)(F)F)c(F)c1,373.99893331600003,0.9710144927536232,11,3,3
972,CCCCCCCCCCCO[Si](CC)(CC)Oc1ccc(Cl)cc1Cl,418.18616228199994,0.8768115942028986,11,5,2
973,Cc1cccc(COC(=O)C(C)C)c1,192.115029752,0.9547101449275363,2,1,1
974,O=C1CCSC1,102.013935812,0.9329710144927537,330,62,47
975,CC(C)CCCOC(=O)CC(=O)OC(C)CC(C)C,272.198759376,0.9836956521739131,4,3,3
976,C=CCc1cc(C(C)(C)c2ccc(OC(=O)C(F)(F)C(F)(F)C(F)(F)F)c(CC=C)c2)ccc1OC(=O)C(F)(F)C(F)(F)C(F)(F)F,700.129454264,0.8206521739130435,8,1,1
977,N#Cc1ccncc1,104.037448128,0.927536231884058,2,2,2
978,O=C(/C=C/c1cccc(C(F)(F)F)c1)OCCC12CC3CC(CC(C3)C1)C2,378.1806647,0.907608695652174,7,1,1
979,CCCOC(=O)c1ccc(C(=O)OCc2ccccc2I)cc1,424.017157024,0.8641304347826086,99999,1,99999
980,CC(C)COCc1cc(I)cc(I)c1I,541.810059036,0.9746376811594203,3,1,1
981,C=C1C/C=C/C(C)(C)C/C=C(\C)CCC1O,220.182715388,0.9510869565217391,43,35,35
982,CCCCCCCCCCCCN(C(C)CCC)S(C)(=O)=O,333.27015048799996,0.8605072463768116,1,1,1
983,CCCCCCCCCCCOC(=O)CCCCCCCCC(=O)OC(CC)CCC,440.38656014399993,0.9981884057971014,1,1,1
984,CCCCCCCCCCCCCCCCCCCCCCC(=O)OC,368.3654307759999,0.9855072463768116,4,1,1
985,CCCCCCOC(=O)c1cccc(C(=O)OCCCCCCCCCCCl)c1,424.238037344,0.9855072463768116,10,2,2
986,CCCCCCCCCCCCCOC(=O)CCCC(=O)OCCc1ccccc1,418.30830982399993,0.9909420289855072,1,1,1
987,CCCCOCc1ccc(F)cc1,182.11069332,0.9637681159420289,17,4,4
988,CCCCCO[Si](OCC1CCCCC1)(c1ccccc1)c1ccccc1,382.232806858,0.9710144927536232,1,1,1
989,CCCCCCOC(=O)c1ccccc1C(=O)OC(CC)CCC,334.21440944,0.9963768115942029,1,1,1
990,CCCCCC(C)O[Si](CC)(CC)OC(C)CCCCC,316.27975704999994,0.9836956521739131,21,6,6
991,Nc1ccc(Cl)cc1C(=O)c1ccccc1F,249.035669808,0.9094202898550725,1,1,1
992,CCCCCCCCCOC(=O)c1cccc(C(=O)OCC2CCCCC2)c1,388.261359632,0.9981884057971014,1,1,1
993,CCCCC/C=C\C/C=C\CCCCCCCCOC(=O)CCCCCCCCCCCCC,476.45933116000003,0.9692028985507246,11,6,6
994,CCCCCCCCCCOC(=O)C1CCCN1C(=O)c1ccc(CCCC)cc1,415.308644172,0.9456521739130435,1,1,1
995,CCCCCCCCOC(=O)C1CCN(C(=O)c2cccc(Br)c2)CC1,423.14090591999997,0.9764492753623188,1,1,1
996,CCCCCCCCCCCCCCN(CC)C(=O)CCCCC,339.35011506,0.9963768115942029,99999,1,99999
997,O=COCc1ccc(Cl)cc1Cl,203.974484792,0.9746376811594203,1,1,1
998,CCCCCCCC(=O)OCC(COC(=O)C(F)(F)C(F)(F)C(F)(F)F)OC(=O)CCCCCCC,540.2321863799999,0.9510869565217391,351,15,1
999,CCCCC(CC)COC(=O)C(C)(C)C(=O)OCC,272.198759376,0.9963768115942029,1,1,1
